2023/2/27;11:41:10;T=0C;P2.5;38.50;P10;42.70
2023/2/27;11:41:21;T=0C;P2.5;38.70;P10;42.90
2084/0/6;6:6:0;T=17C;P2.5;230.30;P10;253.30
2005/0/6;6:6:0;T=17C;P2.5;876.60;P10;971.40
2005/0/6;6:6:0;T=17C;P2.5;872.80;P10;969.20
2005/0/7;7:6:0;T=17C;P2.5;913.60;P10;1015.10
2005/0/6;6:6:0;T=17C;P2.5;898.40;P10;999.90
2005/0/6;6:6:0;T=17C;P2.5;894.40;P10;993.90
2005/0/6;6:6:0;T=17C;P2.5;772.10;P10;858.90
2005/0/6;6:6:0;T=17C;P2.5;677.70;P10;754.40
2005/0/6;6:6:0;T=17C;P2.5;614.30;P10;685.20
2005/0/6;6:6:0;T=17C;P2.5;697.00;P10;776.50
2005/0/6;6:6:0;T=17C;P2.5;672.60;P10;748.40
2005/0/6;6:6:0;T=17C;P2.5;568.80;P10;632.50
2005/0/6;6:6:0;T=17C;P2.5;455.30;P10;505.60
2005/0/6;6:6:0;T=17C;P2.5;468.10;P10;519.00
2005/0/6;6:6:0;T=17C;P2.5;547.00;P10;605.00
2005/0/6;6:6:0;T=17C;P2.5;596.50;P10;659.00
2005/0/6;6:6:0;T=17C;P2.5;602.20;P10;667.30
2005/0/6;6:6:0;T=17C;P2.5;571.50;P10;634.80
2005/0/6;6:6:0;T=17C;P2.5;557.00;P10;619.50
2005/0/6;6:6:0;T=17C;P2.5;571.30;P10;634.00
2005/0/6;6:6:0;T=17C;P2.5;586.50;P10;650.50
2005/0/6;6:6:0;T=17C;P2.5;615.10;P10;681.30
2005/0/6;6:6:0;T=17C;P2.5;639.10;P10;707.40
2005/0/6;6:6:0;T=17C;P2.5;638.30;P10;706.00
2005/0/6;6:6:0;T=17C;P2.5;620.30;P10;685.80
2005/0/6;6:6:0;T=17C;P2.5;603.20;P10;666.60
2005/0/6;6:6:0;T=17C;P2.5;607.80;P10;671.00
2005/0/6;6:6:0;T=17C;P2.5;595.90;P10;658.30
2005/0/6;6:6:0;T=17C;P2.5;553.40;P10;613.20
2005/0/6;6:6:0;T=17C;P2.5;552.00;P10;612.10
2005/0/6;6:6:0;T=17C;P2.5;533.40;P10;592.10
2005/0/6;6:6:0;T=17C;P2.5;538.80;P10;597.40
2005/0/6;6:6:0;T=17C;P2.5;556.00;P10;615.60
2005/0/6;6:6:0;T=17C;P2.5;577.70;P10;639.10
2005/0/6;6:6:0;T=17C;P2.5;598.60;P10;661.50
2005/0/6;6:6:0;T=17C;P2.5;600.00;P10;662.90
2005/0/6;6:6:0;T=17C;P2.5;627.20;P10;691.40
2005/0/6;6:6:0;T=17C;P2.5;629.50;P10;694.10
2005/0/6;6:6:0;T=17C;P2.5;616.40;P10;680.80
2005/0/6;6:6:0;T=17C;P2.5;607.70;P10;672.20
2005/0/6;6:6:0;T=17C;P2.5;606.80;P10;671.70
2005/0/6;6:6:0;T=17C;P2.5;604.50;P10;669.20
2005/0/6;6:6:0;T=17C;P2.5;600.80;P10;665.60
2005/0/6;6:6:0;T=17C;P2.5;638.30;P10;706.30
2005/0/6;6:6:0;T=17C;P2.5;671.10;P10;741.90
2005/0/6;6:6:0;T=17C;P2.5;704.30;P10;777.80
2005/0/6;6:6:0;T=17C;P2.5;691.60;P10;762.90
2005/0/6;6:6:0;T=17C;P2.5;664.90;P10;733.40
2005/0/6;6:6:0;T=17C;P2.5;666.70;P10;735.50
2005/0/6;6:6:0;T=17C;P2.5;676.30;P10;747.70
2005/0/6;6:6:0;T=17C;P2.5;689.80;P10;763.60
2005/0/6;6:6:0;T=17C;P2.5;687.30;P10;760.80
2005/0/6;6:6:0;T=17C;P2.5;691.30;P10;764.50
2005/0/6;6:6:0;T=17C;P2.5;735.30;P10;811.20
2005/0/6;6:6:0;T=17C;P2.5;751.70;P10;828.90
2005/0/6;6:6:0;T=17C;P2.5;726.60;P10;802.60
2005/0/6;6:6:0;T=17C;P2.5;739.30;P10;815.80
2005/0/6;6:6:0;T=17C;P2.5;733.20;P10;809.10
2005/0/6;6:6:0;T=17C;P2.5;759.10;P10;836.30
2005/0/6;6:6:0;T=17C;P2.5;723.80;P10;798.80
2005/0/6;6:6:0;T=17C;P2.5;691.40;P10;763.40
2005/0/6;6:6:0;T=17C;P2.5;621.80;P10;688.10
2005/0/6;6:6:0;T=17C;P2.5;608.50;P10;671.70
2005/0/6;6:6:0;T=17C;P2.5;622.00;P10;685.30
2005/0/6;6:6:0;T=17C;P2.5;669.30;P10;735.30
2005/0/6;6:6:0;T=17C;P2.5;678.70;P10;745.80
2005/0/6;6:6:0;T=17C;P2.5;684.00;P10;751.50
2005/0/6;6:6:0;T=17C;P2.5;712.10;P10;781.20
2005/0/6;6:6:0;T=17C;P2.5;722.10;P10;792.10
2005/0/6;6:6:0;T=17C;P2.5;726.10;P10;796.50
2005/0/6;6:6:0;T=17C;P2.5;707.60;P10;777.60
2005/0/6;6:6:0;T=17C;P2.5;726.40;P10;798.00
2005/0/6;6:6:0;T=17C;P2.5;676.60;P10;745.50
2005/0/6;6:6:0;T=17C;P2.5;631.60;P10;697.70
2005/0/6;6:6:0;T=17C;P2.5;583.40;P10;646.70
2005/0/6;6:6:0;T=17C;P2.5;581.90;P10;645.10
2005/0/6;6:6:0;T=17C;P2.5;601.30;P10;666.10
2005/0/6;6:6:0;T=17C;P2.5;603.90;P10;669.10
2005/0/6;6:6:0;T=17C;P2.5;620.60;P10;686.90
2005/0/6;6:6:0;T=17C;P2.5;593.50;P10;658.00
2005/0/6;6:6:0;T=17C;P2.5;597.10;P10;662.40
2005/0/6;6:6:0;T=17C;P2.5;593.80;P10;659.70
2005/0/6;6:6:0;T=17C;P2.5;607.60;P10;674.10
2005/0/6;6:6:0;T=17C;P2.5;596.80;P10;662.00
2005/0/6;6:6:0;T=17C;P2.5;607.60;P10;673.90
2005/0/6;6:6:0;T=17C;P2.5;638.90;P10;709.00
2005/0/6;6:6:0;T=17C;P2.5;657.70;P10;730.70
2005/0/6;6:6:0;T=17C;P2.5;658.50;P10;732.20
2005/0/6;6:6:0;T=17C;P2.5;637.80;P10;708.80
2005/0/6;6:6:0;T=17C;P2.5;620.90;P10;689.80
2006/0/6;6:6:0;T=17C;P2.5;588.20;P10;653.80
2006/0/6;6:6:0;T=17C;P2.5;617.90;P10;686.90
2006/0/6;6:6:0;T=17C;P2.5;678.20;P10;752.60
2006/0/6;6:6:0;T=17C;P2.5;775.30;P10;857.90
2006/0/6;6:6:0;T=17C;P2.5;844.60;P10;932.60
2006/0/6;6:6:0;T=17C;P2.5;871.20;P10;959.70
2006/0/6;6:6:0;T=17C;P2.5;878.60;P10;965.90
2006/0/6;6:6:0;T=17C;P2.5;829.40;P10;912.60
2006/0/6;6:6:0;T=17C;P2.5;849.10;P10;934.70
2006/0/6;6:6:0;T=17C;P2.5;859.40;P10;947.30
2006/0/6;6:6:0;T=17C;P2.5;877.80;P10;966.80
2006/0/6;6:6:0;T=17C;P2.5;829.90;P10;915.30
2006/0/6;6:6:0;T=17C;P2.5;778.50;P10;859.60
2006/0/6;6:6:0;T=17C;P2.5;767.90;P10;848.10
2006/0/6;6:6:0;T=17C;P2.5;807.80;P10;890.10
2006/0/6;6:6:0;T=17C;P2.5;855.00;P10;939.60
2006/0/6;6:6:0;T=17C;P2.5;786.90;P10;866.50
2006/0/6;6:6:0;T=17C;P2.5;702.50;P10;775.50
2006/0/6;6:6:0;T=17C;P2.5;633.20;P10;702.00
2006/0/6;6:6:0;T=17C;P2.5;610.80;P10;678.20
2006/0/6;6:6:0;T=17C;P2.5;558.20;P10;623.20
2006/0/6;6:6:0;T=17C;P2.5;507.90;P10;569.10
2006/0/6;6:6:0;T=17C;P2.5;554.80;P10;618.70
2006/0/6;6:6:0;T=17C;P2.5;705.60;P10;778.90
2006/0/6;6:6:0;T=17C;P2.5;854.80;P10;937.20
2006/0/7;7:6:0;T=17C;P2.5;961.70;P10;1051.30
2006/0/7;7:6:0;T=17C;P2.5;960.40;P10;1050.20
2006/0/7;7:6:0;T=17C;P2.5;958.00;P10;1048.70
2006/0/7;7:6:0;T=17C;P2.5;945.60;P10;1035.80
2006/0/7;7:6:0;T=17C;P2.5;943.40;P10;1034.10
2006/0/7;7:6:0;T=17C;P2.5;940.10;P10;1031.40
2006/0/7;7:6:0;T=17C;P2.5;939.00;P10;1030.90
2006/0/7;7:6:0;T=17C;P2.5;936.70;P10;1028.60
2006/0/6;6:6:0;T=17C;P2.5;891.20;P10;980.80
2006/0/6;6:6:0;T=17C;P2.5;870.80;P10;959.70
2006/0/6;6:6:0;T=17C;P2.5;872.60;P10;962.00
2006/0/7;7:6:0;T=17C;P2.5;915.60;P10;1007.70
2006/0/7;7:6:0;T=17C;P2.5;936.60;P10;1029.60
2006/0/6;6:6:0;T=17C;P2.5;886.90;P10;975.50
2006/0/6;6:6:0;T=17C;P2.5;878.10;P10;965.00
2006/0/6;6:6:0;T=17C;P2.5;890.80;P10;976.90
2006/0/7;7:6:0;T=17C;P2.5;945.10;P10;1034.60
2006/0/7;7:6:0;T=17C;P2.5;949.90;P10;1040.40
2006/0/7;7:6:0;T=17C;P2.5;914.80;P10;1003.50
2006/0/6;6:6:0;T=17C;P2.5;858.80;P10;944.70
2006/0/6;6:6:0;T=17C;P2.5;825.90;P10;908.60
2006/0/6;6:6:0;T=17C;P2.5;819.10;P10;901.70
2006/0/6;6:6:0;T=17C;P2.5;870.30;P10;955.90
2006/0/6;6:6:0;T=17C;P2.5;882.50;P10;970.40
2006/0/6;6:6:0;T=17C;P2.5;798.80;P10;880.60
2006/0/6;6:6:0;T=17C;P2.5;672.30;P10;744.30
2006/0/6;6:6:0;T=17C;P2.5;554.10;P10;615.70
2006/0/6;6:6:0;T=17C;P2.5;521.40;P10;580.20
2006/0/6;6:6:0;T=17C;P2.5;491.00;P10;547.60
2006/0/6;6:6:0;T=17C;P2.5;513.10;P10;571.00
2006/0/6;6:6:0;T=17C;P2.5;515.70;P10;573.40
2006/0/6;6:6:0;T=17C;P2.5;531.00;P10;590.10
2006/0/6;6:6:0;T=17C;P2.5;541.30;P10;601.20
2006/0/6;6:6:0;T=17C;P2.5;565.90;P10;627.40
2006/0/6;6:6:0;T=17C;P2.5;570.20;P10;631.90
2006/0/6;6:6:0;T=17C;P2.5;551.70;P10;612.30
2006/0/6;6:6:0;T=17C;P2.5;546.30;P10;607.20
2006/0/6;6:6:0;T=17C;P2.5;566.80;P10;630.10
2006/0/6;6:6:0;T=17C;P2.5;658.50;P10;729.90
2006/0/6;6:6:0;T=17C;P2.5;759.30;P10;838.90
2006/0/6;6:6:0;T=17C;P2.5;852.20;P10;940.10
2006/0/6;6:6:0;T=17C;P2.5;849.00;P10;936.00
2006/0/6;6:6:0;T=17C;P2.5;855.80;P10;942.50
2006/0/6;6:6:0;T=17C;P2.5;812.70;P10;893.80
2006/0/6;6:6:0;T=17C;P2.5;825.40;P10;907.90
2006/0/6;6:6:0;T=17C;P2.5;837.20;P10;921.10
2006/0/7;7:6:0;T=17C;P2.5;911.30;P10;1001.20
2006/0/7;7:6:0;T=17C;P2.5;956.00;P10;1048.90
2006/0/7;7:6:0;T=17C;P2.5;957.70;P10;1049.70
2006/0/6;6:6:0;T=17C;P2.5;887.60;P10;975.80
2006/0/6;6:6:0;T=17C;P2.5;849.10;P10;935.70
2006/0/6;6:6:0;T=17C;P2.5;816.90;P10;902.80
2006/0/6;6:6:0;T=17C;P2.5;846.20;P10;935.00
2006/0/6;6:6:0;T=17C;P2.5;857.00;P10;946.60
2006/0/6;6:6:0;T=17C;P2.5;865.30;P10;954.50
2006/0/6;6:6:0;T=17C;P2.5;899.50;P10;989.70
2006/0/7;7:6:0;T=17C;P2.5;912.40;P10;1004.80
2006/0/7;7:6:0;T=17C;P2.5;931.90;P10;1029.20
2006/0/6;6:6:0;T=17C;P2.5;825.30;P10;915.80
2006/0/6;6:6:0;T=17C;P2.5;698.10;P10;774.70
2006/0/6;6:6:0;T=17C;P2.5;547.40;P10;608.10
2006/0/6;6:6:0;T=17C;P2.5;452.60;P10;503.30
2006/0/6;6:6:0;T=17C;P2.5;425.50;P10;474.30
2006/0/6;6:6:0;T=17C;P2.5;472.60;P10;526.50
2006/0/6;6:6:0;T=17C;P2.5;566.60;P10;627.80
2006/0/6;6:6:0;T=17C;P2.5;591.20;P10;655.80
2007/0/6;6:6:0;T=17C;P2.5;675.50;P10;745.90
2007/0/6;6:6:0;T=17C;P2.5;738.60;P10;815.90
2007/0/6;6:6:0;T=17C;P2.5;842.70;P10;929.30
2007/0/6;6:6:0;T=17C;P2.5;663.10;P10;732.50
2007/0/6;6:6:0;T=17C;P2.5;500.50;P10;553.40
2007/0/6;6:6:0;T=17C;P2.5;342.70;P10;380.10
2007/0/6;6:6:0;T=17C;P2.5;479.60;P10;532.40
2007/0/6;6:6:0;T=17C;P2.5;633.40;P10;703.10
2007/0/6;6:6:0;T=17C;P2.5;753.90;P10;837.20
2007/0/6;6:6:0;T=17C;P2.5;742.30;P10;824.60
2007/0/6;6:6:0;T=17C;P2.5;689.80;P10;766.70
2007/0/6;6:6:0;T=17C;P2.5;639.50;P10;710.70
2007/0/6;6:6:0;T=17C;P2.5;593.10;P10;660.70
2007/0/6;6:6:0;T=17C;P2.5;596.80;P10;664.50
2007/0/6;6:6:0;T=17C;P2.5;612.80;P10;682.10
2007/0/6;6:6:0;T=17C;P2.5;639.20;P10;709.90
2007/0/6;6:6:0;T=17C;P2.5;626.60;P10;696.30
2007/0/6;6:6:0;T=17C;P2.5;618.30;P10;687.20
2007/0/6;6:6:0;T=17C;P2.5;616.40;P10;685.20
2007/0/6;6:6:0;T=17C;P2.5;614.60;P10;683.30
2007/0/6;6:6:0;T=17C;P2.5;613.40;P10;682.10
2007/0/6;6:6:0;T=17C;P2.5;613.90;P10;682.50
2007/0/6;6:6:0;T=17C;P2.5;626.70;P10;696.10
2007/0/6;6:6:0;T=17C;P2.5;603.90;P10;671.50
2007/0/6;6:6:0;T=17C;P2.5;584.80;P10;651.20
2007/0/6;6:6:0;T=17C;P2.5;589.40;P10;655.90
2007/0/6;6:6:0;T=17C;P2.5;607.80;P10;675.30
2007/0/6;6:6:0;T=17C;P2.5;641.10;P10;710.60
2007/0/6;6:6:0;T=17C;P2.5;648.00;P10;718.00
2007/0/6;6:6:0;T=17C;P2.5;656.50;P10;727.40
2007/0/6;6:6:0;T=17C;P2.5;667.80;P10;739.50
2007/0/6;6:6:0;T=17C;P2.5;653.10;P10;723.90
2007/0/6;6:6:0;T=17C;P2.5;660.90;P10;732.10
2007/0/6;6:6:0;T=17C;P2.5;654.80;P10;725.80
2007/0/6;6:6:0;T=17C;P2.5;660.00;P10;731.80
2007/0/6;6:6:0;T=17C;P2.5;671.80;P10;744.90
2007/0/6;6:6:0;T=17C;P2.5;670.60;P10;744.00
2007/0/6;6:6:0;T=17C;P2.5;708.40;P10;785.30
2007/0/6;6:6:0;T=17C;P2.5;728.40;P10;806.80
2007/0/6;6:6:0;T=17C;P2.5;751.30;P10;831.60
2007/0/6;6:6:0;T=17C;P2.5;742.80;P10;822.30
2007/0/6;6:6:0;T=17C;P2.5;751.90;P10;832.90
2007/0/6;6:6:0;T=17C;P2.5;746.80;P10;827.60
2007/0/6;6:6:0;T=17C;P2.5;759.50;P10;840.10
2007/0/6;6:6:0;T=17C;P2.5;782.50;P10;864.10
2007/0/6;6:6:0;T=17C;P2.5;776.10;P10;855.30
2007/0/6;6:6:0;T=17C;P2.5;639.10;P10;706.20
2007/0/6;6:6:0;T=17C;P2.5;648.90;P10;715.70
2007/0/6;6:6:0;T=17C;P2.5;667.10;P10;735.80
2007/0/6;6:6:0;T=17C;P2.5;852.00;P10;936.50
2007/0/6;6:6:0;T=17C;P2.5;876.10;P10;963.20
2007/0/6;6:6:0;T=17C;P2.5;890.90;P10;979.50
2007/0/6;6:6:0;T=17C;P2.5;812.30;P10;895.10
2007/0/6;6:6:0;T=17C;P2.5;733.80;P10;810.70
2007/0/6;6:6:0;T=17C;P2.5;668.70;P10;740.90
2007/0/6;6:6:0;T=17C;P2.5;644.40;P10;714.90
2007/0/6;6:6:0;T=17C;P2.5;633.60;P10;703.60
2007/0/6;6:6:0;T=17C;P2.5;632.80;P10;703.20
2007/0/6;6:6:0;T=17C;P2.5;656.60;P10;728.90
2007/0/6;6:6:0;T=17C;P2.5;691.50;P10;767.30
2007/0/6;6:6:0;T=17C;P2.5;778.00;P10;859.70
2007/0/6;6:6:0;T=17C;P2.5;866.60;P10;953.20
2007/0/6;6:6:0;T=17C;P2.5;856.20;P10;940.70
2007/0/6;6:6:0;T=17C;P2.5;793.60;P10;873.50
2007/0/6;6:6:0;T=17C;P2.5;680.60;P10;753.70
2007/0/6;6:6:0;T=17C;P2.5;580.90;P10;646.20
2007/0/6;6:6:0;T=17C;P2.5;513.50;P10;573.10
2007/0/6;6:6:0;T=17C;P2.5;480.30;P10;536.50
2007/0/6;6:6:0;T=17C;P2.5;504.60;P10;562.80
2007/0/6;6:6:0;T=17C;P2.5;518.00;P10;577.20
2007/0/6;6:6:0;T=17C;P2.5;529.30;P10;589.40
2007/0/6;6:6:0;T=17C;P2.5;548.50;P10;609.70
2007/0/6;6:6:0;T=17C;P2.5;560.40;P10;622.80
2007/0/6;6:6:0;T=17C;P2.5;567.20;P10;630.40
2007/0/6;6:6:0;T=17C;P2.5;581.90;P10;646.60
2007/0/6;6:6:0;T=17C;P2.5;602.90;P10;669.10
2007/0/6;6:6:0;T=17C;P2.5;625.80;P10;694.00
2007/0/6;6:6:0;T=17C;P2.5;641.00;P10;711.00
2007/0/6;6:6:0;T=17C;P2.5;649.80;P10;721.30
2007/0/6;6:6:0;T=17C;P2.5;654.50;P10;726.30
2007/0/6;6:6:0;T=17C;P2.5;608.20;P10;676.40
2007/0/6;6:6:0;T=17C;P2.5;676.20;P10;749.30
2007/0/6;6:6:0;T=17C;P2.5;726.90;P10;804.30
2007/0/6;6:6:0;T=17C;P2.5;804.10;P10;887.20
2007/0/6;6:6:0;T=17C;P2.5;773.00;P10;853.80
2007/0/6;6:6:0;T=17C;P2.5;760.80;P10;840.90
2007/0/6;6:6:0;T=17C;P2.5;758.10;P10;839.30
2007/0/6;6:6:0;T=17C;P2.5;830.60;P10;918.40
2007/0/6;6:6:0;T=17C;P2.5;885.30;P10;977.80
2007/0/7;7:6:0;T=17C;P2.5;944.50;P10;1040.60
2007/0/6;6:6:0;T=17C;P2.5;894.90;P10;988.00
2008/0/6;6:6:0;T=17C;P2.5;865.20;P10;955.00
2008/0/6;6:6:0;T=17C;P2.5;772.00;P10;853.20
2008/0/6;6:6:0;T=17C;P2.5;721.80;P10;795.90
2008/0/6;6:6:0;T=17C;P2.5;693.80;P10;764.50
2008/0/6;6:6:0;T=17C;P2.5;720.90;P10;793.50
2008/0/6;6:6:0;T=17C;P2.5;744.90;P10;819.60
2008/0/6;6:6:0;T=17C;P2.5;733.60;P10;808.10
2008/0/6;6:6:0;T=17C;P2.5;722.90;P10;797.00
2008/0/6;6:6:0;T=17C;P2.5;690.70;P10;763.00
2008/0/6;6:6:0;T=17C;P2.5;673.50;P10;744.70
2008/0/6;6:6:0;T=17C;P2.5;660.40;P10;731.10
2008/0/6;6:6:0;T=17C;P2.5;673.20;P10;744.60
2008/0/6;6:6:0;T=17C;P2.5;677.20;P10;748.80
2008/0/6;6:6:0;T=17C;P2.5;661.00;P10;731.40
2008/0/6;6:6:0;T=17C;P2.5;629.80;P10;698.30
2008/0/6;6:6:0;T=17C;P2.5;636.00;P10;705.10
2008/0/6;6:6:0;T=17C;P2.5;653.40;P10;723.60
2008/0/6;6:6:0;T=17C;P2.5;685.40;P10;759.30
2008/0/6;6:6:0;T=17C;P2.5;677.60;P10;750.50
2008/0/6;6:6:0;T=17C;P2.5;672.30;P10;745.20
2008/0/6;6:6:0;T=17C;P2.5;689.10;P10;761.80
2008/0/6;6:6:0;T=17C;P2.5;703.90;P10;779.70
2008/0/6;6:6:0;T=17C;P2.5;735.90;P10;814.40
2008/0/6;6:6:0;T=17C;P2.5;752.40;P10;830.80
2008/0/6;6:6:0;T=17C;P2.5;732.50;P10;807.90
2008/0/6;6:6:0;T=17C;P2.5;682.80;P10;755.00
2008/0/6;6:6:0;T=17C;P2.5;615.90;P10;684.90
2008/0/6;6:6:0;T=17C;P2.5;604.00;P10;672.80
2008/0/6;6:6:0;T=17C;P2.5;587.20;P10;654.90
2008/0/6;6:6:0;T=17C;P2.5;620.80;P10;691.80
2008/0/6;6:6:0;T=17C;P2.5;660.50;P10;735.10
2008/0/6;6:6:0;T=17C;P2.5;760.10;P10;842.70
2008/0/6;6:6:0;T=17C;P2.5;844.00;P10;932.10
2008/0/7;7:6:0;T=17C;P2.5;926.20;P10;1019.10
2008/0/7;7:6:0;T=17C;P2.5;965.60;P10;1059.50
2008/0/7;7:6:0;T=17C;P2.5;978.60;P10;1072.40
2008/0/7;7:6:0;T=17C;P2.5;981.70;P10;1075.10
2008/0/7;7:6:0;T=17C;P2.5;984.00;P10;1077.30
2008/0/7;7:6:0;T=17C;P2.5;980.00;P10;1073.20
2008/0/7;7:6:0;T=17C;P2.5;975.20;P10;1068.30
2008/0/7;7:6:0;T=17C;P2.5;974.90;P10;1068.10
2008/0/7;7:6:0;T=17C;P2.5;971.20;P10;1064.20
2008/0/7;7:6:0;T=17C;P2.5;965.60;P10;1058.00
2008/0/7;7:6:0;T=17C;P2.5;948.20;P10;1039.30
2008/0/7;7:6:0;T=17C;P2.5;922.10;P10;1010.50
2008/0/6;6:6:0;T=17C;P2.5;904.30;P10;990.80
2008/0/6;6:6:0;T=17C;P2.5;901.30;P10;988.10
2008/0/7;7:6:0;T=17C;P2.5;929.70;P10;1019.00
2008/0/7;7:6:0;T=17C;P2.5;956.00;P10;1049.40
2008/0/6;6:6:0;T=17C;P2.5;875.50;P10;962.30
2008/0/6;6:6:0;T=17C;P2.5;623.00;P10;686.30
2008/0/6;6:6:0;T=17C;P2.5;368.40;P10;406.00
2008/0/6;6:6:0;T=17C;P2.5;212.80;P10;233.80
2008/0/6;6:6:0;T=17C;P2.5;189.30;P10;207.80
2008/0/6;6:6:0;T=17C;P2.5;182.50;P10;200.70
2008/0/6;6:6:0;T=17C;P2.5;222.30;P10;243.30
2008/0/6;6:6:0;T=17C;P2.5;229.80;P10;251.60
2008/0/6;6:6:0;T=17C;P2.5;215.30;P10;235.50
2008/0/6;6:6:0;T=17C;P2.5;161.80;P10;177.80
2008/0/6;6:6:0;T=17C;P2.5;165.40;P10;181.70
2008/0/6;6:6:0;T=17C;P2.5;184.20;P10;202.50
2008/0/6;6:6:0;T=17C;P2.5;191.10;P10;210.20
2008/0/6;6:6:0;T=17C;P2.5;219.80;P10;241.00
2008/0/6;6:6:0;T=17C;P2.5;203.20;P10;222.40
2008/0/6;6:6:0;T=17C;P2.5;205.30;P10;224.20
2008/0/6;6:6:0;T=17C;P2.5;183.40;P10;200.80
2008/0/6;6:6:0;T=17C;P2.5;184.00;P10;201.90
2008/0/6;6:6:0;T=17C;P2.5;165.80;P10;182.30
2008/0/6;6:6:0;T=17C;P2.5;143.70;P10;157.90
2008/0/6;6:6:0;T=17C;P2.5;143.60;P10;157.30
2008/0/6;6:6:0;T=17C;P2.5;141.90;P10;155.40
2008/0/6;6:6:0;T=17C;P2.5;145.90;P10;159.90
2008/0/6;6:6:0;T=17C;P2.5;151.60;P10;166.40
2008/0/6;6:6:0;T=17C;P2.5;157.90;P10;173.60
2008/0/6;6:6:0;T=17C;P2.5;164.20;P10;180.70
2008/0/6;6:6:0;T=17C;P2.5;161.70;P10;177.80
2008/0/6;6:6:0;T=17C;P2.5;148.90;P10;163.50
2008/0/6;6:6:0;T=17C;P2.5;149.20;P10;163.80
2008/0/6;6:6:0;T=17C;P2.5;157.50;P10;173.10
2008/0/6;6:6:0;T=17C;P2.5;183.20;P10;201.40
2008/0/6;6:6:0;T=17C;P2.5;180.40;P10;198.10
2008/0/6;6:6:0;T=17C;P2.5;189.20;P10;207.60
2008/0/6;6:6:0;T=17C;P2.5;193.40;P10;212.20
2008/0/6;6:6:0;T=17C;P2.5;200.60;P10;220.50
2008/0/6;6:6:0;T=17C;P2.5;193.70;P10;213.00
2008/0/6;6:6:0;T=17C;P2.5;182.00;P10;200.20
2008/0/6;6:6:0;T=17C;P2.5;166.40;P10;182.90
2008/0/6;6:6:0;T=17C;P2.5;161.90;P10;178.10
2008/0/6;6:6:0;T=17C;P2.5;161.70;P10;178.20
2008/0/6;6:6:0;T=17C;P2.5;193.90;P10;213.40
2008/0/6;6:6:0;T=17C;P2.5;210.50;P10;231.00
2009/0/6;6:6:0;T=17C;P2.5;215.50;P10;236.10
2009/0/6;6:6:0;T=17C;P2.5;198.20;P10;217.20
2009/0/6;6:6:0;T=17C;P2.5;186.70;P10;205.10
2009/0/6;6:6:0;T=17C;P2.5;191.90;P10;211.20
2009/0/6;6:6:0;T=17C;P2.5;170.90;P10;188.00
2009/0/6;6:6:0;T=17C;P2.5;151.00;P10;166.20
2009/0/6;6:6:0;T=17C;P2.5;140.00;P10;154.00
2009/0/6;6:6:0;T=17C;P2.5;166.70;P10;183.40
2009/0/6;6:6:0;T=17C;P2.5;177.30;P10;195.20
2009/0/6;6:6:0;T=17C;P2.5;197.40;P10;217.00
2009/0/6;6:6:0;T=17C;P2.5;201.70;P10;221.50
2009/0/6;6:6:0;T=17C;P2.5;196.40;P10;215.60
2009/0/6;6:6:0;T=17C;P2.5;177.10;P10;194.60
2009/0/6;6:6:0;T=17C;P2.5;168.00;P10;185.00
2009/0/6;6:6:0;T=17C;P2.5;145.40;P10;160.60
2009/0/6;6:6:0;T=17C;P2.5;171.70;P10;189.00
2009/0/6;6:6:0;T=17C;P2.5;165.70;P10;182.00
2009/0/6;6:6:0;T=17C;P2.5;183.80;P10;201.60
2009/0/6;6:6:0;T=17C;P2.5;178.80;P10;196.50
2009/0/6;6:6:0;T=17C;P2.5;213.00;P10;233.90
2009/0/6;6:6:0;T=17C;P2.5;231.20;P10;253.60
2009/0/6;6:6:0;T=17C;P2.5;221.70;P10;243.20
2009/0/6;6:6:0;T=17C;P2.5;211.60;P10;232.10
2009/0/6;6:6:0;T=17C;P2.5;204.60;P10;224.80
2009/0/6;6:6:0;T=17C;P2.5;202.00;P10;222.10
2009/0/6;6:6:0;T=17C;P2.5;207.10;P10;227.80
2009/0/6;6:6:0;T=17C;P2.5;204.90;P10;225.50
2009/0/6;6:6:0;T=17C;P2.5;203.10;P10;223.50
2009/0/6;6:6:0;T=17C;P2.5;214.00;P10;235.20
2009/0/6;6:6:0;T=17C;P2.5;248.60;P10;272.50
2009/0/6;6:6:0;T=17C;P2.5;290.80;P10;318.10
2009/0/6;6:6:0;T=17C;P2.5;292.80;P10;320.20
2009/0/6;6:6:0;T=17C;P2.5;275.20;P10;301.20
2009/0/6;6:6:0;T=17C;P2.5;242.80;P10;266.10
2009/0/6;6:6:0;T=17C;P2.5;221.40;P10;243.10
2009/0/6;6:6:0;T=17C;P2.5;214.50;P10;235.80
2009/0/6;6:6:0;T=17C;P2.5;211.30;P10;233.00
2009/0/6;6:6:0;T=17C;P2.5;211.40;P10;233.30
2009/0/6;6:6:0;T=17C;P2.5;223.20;P10;246.10
2009/0/6;6:6:0;T=17C;P2.5;230.10;P10;253.10
2009/0/6;6:6:0;T=17C;P2.5;250.20;P10;274.50
2009/0/6;6:6:0;T=17C;P2.5;257.90;P10;282.60
2009/0/6;6:6:0;T=17C;P2.5;245.30;P10;268.80
2009/0/6;6:6:0;T=17C;P2.5;215.30;P10;236.40
2009/0/6;6:6:0;T=17C;P2.5;181.70;P10;200.20
2009/0/6;6:6:0;T=17C;P2.5;184.80;P10;204.00
2009/0/6;6:6:0;T=17C;P2.5;176.00;P10;194.40
2009/0/6;6:6:0;T=17C;P2.5;186.00;P10;205.20
2009/0/6;6:6:0;T=17C;P2.5;182.80;P10;201.30
2009/0/6;6:6:0;T=17C;P2.5;184.20;P10;202.60
2009/0/6;6:6:0;T=17C;P2.5;200.20;P10;220.00
2009/0/6;6:6:0;T=17C;P2.5;205.90;P10;226.60
2009/0/6;6:6:0;T=17C;P2.5;200.20;P10;220.50
2009/0/6;6:6:0;T=17C;P2.5;171.40;P10;188.80
2009/0/6;6:6:0;T=17C;P2.5;146.50;P10;161.40
2009/0/6;6:6:0;T=17C;P2.5;131.00;P10;144.30
2009/0/6;6:6:0;T=17C;P2.5;142.60;P10;157.40
2009/0/6;6:6:0;T=17C;P2.5;158.90;P10;175.40
2009/0/6;6:6:0;T=17C;P2.5;200.30;P10;220.60
2009/0/6;6:6:0;T=17C;P2.5;201.00;P10;220.70
2009/0/6;6:6:0;T=17C;P2.5;210.10;P10;230.20
2009/0/6;6:6:0;T=17C;P2.5;214.50;P10;235.10
2009/0/6;6:6:0;T=17C;P2.5;224.00;P10;246.00
2009/0/6;6:6:0;T=17C;P2.5;217.80;P10;239.50
2009/0/6;6:6:0;T=17C;P2.5;182.20;P10;200.50
2009/0/6;6:6:0;T=17C;P2.5;145.00;P10;159.70
2009/0/6;6:6:0;T=17C;P2.5;141.50;P10;155.80
2009/0/6;6:6:0;T=17C;P2.5;167.90;P10;184.90
2009/0/6;6:6:0;T=17C;P2.5;197.00;P10;216.80
2009/0/6;6:6:0;T=17C;P2.5;200.30;P10;220.40
2009/0/6;6:6:0;T=17C;P2.5;202.60;P10;222.60
2009/0/6;6:6:0;T=17C;P2.5;226.40;P10;248.40
2009/0/6;6:6:0;T=17C;P2.5;233.50;P10;256.30
2009/0/6;6:6:0;T=17C;P2.5;229.00;P10;251.40
2009/0/6;6:6:0;T=17C;P2.5;200.10;P10;220.10
2009/0/6;6:6:0;T=17C;P2.5;182.60;P10;200.70
2009/0/6;6:6:0;T=17C;P2.5;163.60;P10;179.90
2009/0/6;6:6:0;T=17C;P2.5;162.60;P10;178.90
2009/0/6;6:6:0;T=17C;P2.5;182.80;P10;201.30
2009/0/6;6:6:0;T=17C;P2.5;197.90;P10;217.80
2009/0/6;6:6:0;T=17C;P2.5;204.90;P10;225.30
2009/0/6;6:6:0;T=17C;P2.5;200.90;P10;220.60
2009/0/6;6:6:0;T=17C;P2.5;222.50;P10;243.90
2009/0/6;6:6:0;T=17C;P2.5;239.30;P10;262.20
2009/0/6;6:6:0;T=17C;P2.5;225.30;P10;247.00
2009/0/6;6:6:0;T=17C;P2.5;189.50;P10;207.90
2009/0/6;6:6:0;T=17C;P2.5;173.60;P10;190.40
2009/0/6;6:6:0;T=17C;P2.5;153.60;P10;168.50
2009/0/6;6:6:0;T=17C;P2.5;157.10;P10;172.60
2009/0/6;6:6:0;T=17C;P2.5;147.70;P10;162.20
2009/0/6;6:6:0;T=17C;P2.5;151.90;P10;166.70
2010/0/6;6:6:0;T=17C;P2.5;143.60;P10;157.50
2010/0/6;6:6:0;T=17C;P2.5;143.10;P10;157.00
2010/0/6;6:6:0;T=17C;P2.5;150.80;P10;165.60
2010/0/6;6:6:0;T=17C;P2.5;170.80;P10;187.40
2010/0/6;6:6:0;T=17C;P2.5;158.20;P10;173.60
2010/0/6;6:6:0;T=17C;P2.5;186.70;P10;204.60
2010/0/6;6:6:0;T=17C;P2.5;172.80;P10;189.50
2010/0/6;6:6:0;T=17C;P2.5;185.50;P10;203.50
2010/0/6;6:6:0;T=17C;P2.5;159.80;P10;175.60
2010/0/6;6:6:0;T=17C;P2.5;156.50;P10;172.00
2010/0/6;6:6:0;T=17C;P2.5;148.50;P10;163.20
2010/0/6;6:6:0;T=17C;P2.5;158.80;P10;174.40
2010/0/6;6:6:0;T=17C;P2.5;158.90;P10;174.20
2010/0/6;6:6:0;T=17C;P2.5;153.90;P10;168.90
2010/0/6;6:6:0;T=17C;P2.5;146.20;P10;160.40
2010/0/6;6:6:0;T=17C;P2.5;173.10;P10;190.10
2010/0/6;6:6:0;T=17C;P2.5;190.60;P10;209.30
2010/0/6;6:6:0;T=17C;P2.5;189.50;P10;208.20
2010/0/6;6:6:0;T=17C;P2.5;178.10;P10;195.50
2010/0/6;6:6:0;T=17C;P2.5;156.20;P10;171.40
2010/0/6;6:6:0;T=17C;P2.5;138.10;P10;151.60
2010/0/6;6:6:0;T=17C;P2.5;120.60;P10;132.80
2010/0/6;6:6:0;T=17C;P2.5;117.70;P10;129.50
2010/0/6;6:6:0;T=17C;P2.5;137.10;P10;150.50
2010/0/6;6:6:0;T=17C;P2.5;141.00;P10;154.50
2010/0/6;6:6:0;T=17C;P2.5;149.80;P10;164.20
2010/0/6;6:6:0;T=17C;P2.5;142.80;P10;156.60
2010/0/6;6:6:0;T=17C;P2.5;134.70;P10;147.80
2010/0/6;6:6:0;T=17C;P2.5;129.80;P10;142.40
2010/0/6;6:6:0;T=17C;P2.5;114.70;P10;125.70
2010/0/6;6:6:0;T=17C;P2.5;122.80;P10;134.60
2010/0/6;6:6:0;T=17C;P2.5;125.60;P10;137.80
2010/0/6;6:6:0;T=17C;P2.5;136.40;P10;149.80
2010/0/6;6:6:0;T=17C;P2.5;143.20;P10;157.30
2010/0/6;6:6:0;T=17C;P2.5;159.70;P10;174.90
2010/0/6;6:6:0;T=17C;P2.5;176.10;P10;192.70
2010/0/6;6:6:0;T=17C;P2.5;190.10;P10;208.00
2010/0/6;6:6:0;T=17C;P2.5;170.60;P10;187.10
2010/0/6;6:6:0;T=17C;P2.5;151.70;P10;167.00
2010/0/6;6:6:0;T=17C;P2.5;164.70;P10;181.00
2010/0/6;6:6:0;T=17C;P2.5;194.10;P10;213.20
2010/0/6;6:6:0;T=17C;P2.5;204.60;P10;224.50
2010/0/6;6:6:0;T=17C;P2.5;183.60;P10;201.90
2010/0/6;6:6:0;T=17C;P2.5;203.40;P10;223.40
2010/0/6;6:6:0;T=17C;P2.5;215.70;P10;236.60
2010/0/6;6:6:0;T=17C;P2.5;225.50;P10;246.90
2010/0/6;6:6:0;T=17C;P2.5;199.30;P10;218.30
2010/0/6;6:6:0;T=17C;P2.5;192.00;P10;210.50
2010/0/6;6:6:0;T=17C;P2.5;173.30;P10;190.80
2010/0/6;6:6:0;T=17C;P2.5;167.30;P10;184.60
2010/0/6;6:6:0;T=17C;P2.5;165.90;P10;182.80
2010/0/6;6:6:0;T=17C;P2.5;159.20;P10;175.20
2010/0/6;6:6:0;T=17C;P2.5;163.40;P10;179.80
2010/0/6;6:6:0;T=17C;P2.5;177.00;P10;194.90
2010/0/6;6:6:0;T=17C;P2.5;205.70;P10;226.30
2010/0/6;6:6:0;T=17C;P2.5;218.00;P10;239.50
2010/0/6;6:6:0;T=17C;P2.5;200.90;P10;220.70
2010/0/6;6:6:0;T=17C;P2.5;175.20;P10;192.80
2010/0/6;6:6:0;T=17C;P2.5;155.20;P10;171.30
2010/0/6;6:6:0;T=17C;P2.5;150.00;P10;165.80
2010/0/6;6:6:0;T=17C;P2.5;164.20;P10;181.00
2010/0/6;6:6:0;T=17C;P2.5;157.40;P10;173.10
2010/0/6;6:6:0;T=17C;P2.5;150.20;P10;165.10
2010/0/6;6:6:0;T=17C;P2.5;145.40;P10;160.10
2010/0/6;6:6:0;T=17C;P2.5;152.60;P10;168.10
2010/0/6;6:6:0;T=17C;P2.5;175.90;P10;193.50
2010/0/6;6:6:0;T=17C;P2.5;156.40;P10;171.90
2010/0/6;6:6:0;T=17C;P2.5;155.60;P10;170.90
2010/0/6;6:6:0;T=17C;P2.5;143.50;P10;157.80
2010/0/6;6:6:0;T=17C;P2.5;153.80;P10;169.40
2010/0/6;6:6:0;T=17C;P2.5;183.70;P10;202.00
2010/0/6;6:6:0;T=17C;P2.5;173.60;P10;190.60
2010/0/6;6:6:0;T=17C;P2.5;192.50;P10;211.00
2010/0/6;6:6:0;T=17C;P2.5;148.00;P10;162.40
2010/0/6;6:6:0;T=17C;P2.5;167.90;P10;184.30
2010/0/6;6:6:0;T=17C;P2.5;151.90;P10;166.80
2010/0/6;6:6:0;T=17C;P2.5;172.50;P10;189.30
2010/0/6;6:6:0;T=17C;P2.5;168.50;P10;184.80
2010/0/6;6:6:0;T=17C;P2.5;185.90;P10;203.70
2010/0/6;6:6:0;T=17C;P2.5;190.20;P10;208.50
2010/0/6;6:6:0;T=17C;P2.5;198.10;P10;217.50
2010/0/6;6:6:0;T=17C;P2.5;190.50;P10;209.40
2010/0/6;6:6:0;T=17C;P2.5;189.50;P10;208.30
2010/0/6;6:6:0;T=17C;P2.5;173.60;P10;190.90
2010/0/6;6:6:0;T=17C;P2.5;173.90;P10;191.00
2010/0/6;6:6:0;T=17C;P2.5;182.20;P10;200.00
2010/0/6;6:6:0;T=17C;P2.5;180.40;P10;198.30
2010/0/6;6:6:0;T=17C;P2.5;173.30;P10;190.70
2010/0/6;6:6:0;T=17C;P2.5;173.50;P10;191.00
2010/0/6;6:6:0;T=17C;P2.5;180.80;P10;198.60
2010/0/6;6:6:0;T=17C;P2.5;190.80;P10;209.30
2011/0/6;6:6:0;T=17C;P2.5;211.40;P10;231.60
2011/0/6;6:6:0;T=17C;P2.5;227.70;P10;249.40
2011/0/6;6:6:0;T=17C;P2.5;229.00;P10;251.00
2011/0/6;6:6:0;T=17C;P2.5;189.80;P10;208.20
2011/0/6;6:6:0;T=17C;P2.5;176.10;P10;193.50
2011/0/6;6:6:0;T=17C;P2.5;185.60;P10;204.00
2011/0/6;6:6:0;T=17C;P2.5;185.60;P10;204.40
2011/0/6;6:6:0;T=17C;P2.5;185.00;P10;203.50
2011/0/6;6:6:0;T=17C;P2.5;156.90;P10;172.50
2011/0/6;6:6:0;T=17C;P2.5;143.30;P10;157.30
2011/0/6;6:6:0;T=17C;P2.5;176.70;P10;193.40
2011/0/6;6:6:0;T=17C;P2.5;193.00;P10;211.10
2011/0/6;6:6:0;T=17C;P2.5;202.10;P10;221.10
2011/0/6;6:6:0;T=17C;P2.5;169.50;P10;185.60
2011/0/6;6:6:0;T=17C;P2.5;162.40;P10;177.90
2011/0/6;6:6:0;T=17C;P2.5;173.80;P10;190.40
2011/0/6;6:6:0;T=17C;P2.5;169.50;P10;186.10
2011/0/6;6:6:0;T=17C;P2.5;204.70;P10;224.60
2011/0/6;6:6:0;T=17C;P2.5;206.50;P10;226.60
2011/0/6;6:6:0;T=17C;P2.5;205.60;P10;225.60
2011/0/6;6:6:0;T=17C;P2.5;162.90;P10;178.90
2011/0/6;6:6:0;T=17C;P2.5;189.90;P10;208.10
2011/0/6;6:6:0;T=17C;P2.5;197.40;P10;216.70
2011/0/6;6:6:0;T=17C;P2.5;205.20;P10;225.30
2011/0/6;6:6:0;T=17C;P2.5;173.10;P10;190.90
2011/0/6;6:6:0;T=17C;P2.5;181.50;P10;199.80
2011/0/6;6:6:0;T=17C;P2.5;191.20;P10;210.40
2011/0/6;6:6:0;T=17C;P2.5;201.50;P10;221.50
2011/0/6;6:6:0;T=17C;P2.5;212.30;P10;233.30
2011/0/6;6:6:0;T=17C;P2.5;226.60;P10;249.10
2011/0/6;6:6:0;T=17C;P2.5;207.70;P10;228.50
2011/0/6;6:6:0;T=17C;P2.5;194.40;P10;214.00
2011/0/6;6:6:0;T=17C;P2.5;175.90;P10;193.60
2011/0/6;6:6:0;T=17C;P2.5;184.60;P10;203.40
2011/0/6;6:6:0;T=17C;P2.5;179.00;P10;197.50
2011/0/6;6:6:0;T=17C;P2.5;191.00;P10;210.60
2011/0/6;6:6:0;T=17C;P2.5;210.80;P10;231.80
2011/0/6;6:6:0;T=17C;P2.5;228.70;P10;251.10
2011/0/6;6:6:0;T=17C;P2.5;257.80;P10;282.70
2011/0/6;6:6:0;T=17C;P2.5;279.30;P10;305.80
2011/0/6;6:6:0;T=17C;P2.5;275.00;P10;301.40
2011/0/6;6:6:0;T=17C;P2.5;258.20;P10;283.20
2011/0/6;6:6:0;T=17C;P2.5;233.30;P10;256.40
2011/0/6;6:6:0;T=17C;P2.5;205.30;P10;226.00
2011/0/6;6:6:0;T=17C;P2.5;191.40;P10;211.30
2011/0/6;6:6:0;T=17C;P2.5;181.90;P10;201.20
2011/0/6;6:6:0;T=17C;P2.5;204.60;P10;225.80
2011/0/6;6:6:0;T=17C;P2.5;205.90;P10;226.60
2011/0/6;6:6:0;T=17C;P2.5;209.80;P10;230.70
2011/0/6;6:6:0;T=17C;P2.5;219.80;P10;241.60
2011/0/6;6:6:0;T=17C;P2.5;239.50;P10;263.30
2011/0/6;6:6:0;T=17C;P2.5;235.20;P10;258.60
2011/0/6;6:6:0;T=17C;P2.5;201.70;P10;221.80
2011/0/6;6:6:0;T=17C;P2.5;175.60;P10;193.40
2011/0/6;6:6:0;T=17C;P2.5;173.30;P10;191.10
2011/0/6;6:6:0;T=17C;P2.5;186.70;P10;206.30
2011/0/6;6:6:0;T=17C;P2.5;182.60;P10;202.00
2011/0/6;6:6:0;T=17C;P2.5;189.70;P10;209.30
2011/0/6;6:6:0;T=17C;P2.5;218.40;P10;239.80
2011/0/6;6:6:0;T=17C;P2.5;225.20;P10;247.00
2011/0/6;6:6:0;T=17C;P2.5;237.60;P10;261.00
2011/0/6;6:6:0;T=17C;P2.5;207.30;P10;228.60
2011/0/6;6:6:0;T=17C;P2.5;192.10;P10;212.00
2011/0/6;6:6:0;T=17C;P2.5;173.70;P10;191.80
2011/0/6;6:6:0;T=17C;P2.5;178.80;P10;197.30
2011/0/6;6:6:0;T=17C;P2.5;194.20;P10;214.10
2011/0/6;6:6:0;T=17C;P2.5;213.80;P10;235.50
2011/0/6;6:6:0;T=17C;P2.5;227.50;P10;250.00
2011/0/6;6:6:0;T=17C;P2.5;239.20;P10;262.60
2011/0/6;6:6:0;T=17C;P2.5;241.40;P10;265.00
2011/0/6;6:6:0;T=17C;P2.5;245.70;P10;269.90
2011/0/6;6:6:0;T=17C;P2.5;241.00;P10;265.10
2011/0/6;6:6:0;T=17C;P2.5;215.00;P10;237.00
2011/0/6;6:6:0;T=17C;P2.5;178.50;P10;197.40
2011/0/6;6:6:0;T=17C;P2.5;153.90;P10;170.40
2011/0/6;6:6:0;T=17C;P2.5;150.10;P10;166.10
2011/0/6;6:6:0;T=17C;P2.5;167.30;P10;185.10
2011/0/6;6:6:0;T=17C;P2.5;196.20;P10;216.60
2011/0/6;6:6:0;T=17C;P2.5;234.40;P10;258.00
2011/0/6;6:6:0;T=17C;P2.5;238.00;P10;261.60
2011/0/6;6:6:0;T=17C;P2.5;246.70;P10;270.90
2011/0/6;6:6:0;T=17C;P2.5;239.40;P10;262.80
2011/0/6;6:6:0;T=17C;P2.5;247.90;P10;272.20
2011/0/6;6:6:0;T=17C;P2.5;221.60;P10;243.60
2011/0/6;6:6:0;T=17C;P2.5;182.40;P10;201.00
2011/0/6;6:6:0;T=17C;P2.5;153.90;P10;169.80
2011/0/6;6:6:0;T=17C;P2.5;171.00;P10;188.50
2011/0/6;6:6:0;T=17C;P2.5;210.30;P10;231.30
2011/0/6;6:6:0;T=17C;P2.5;232.70;P10;255.60
2011/0/6;6:6:0;T=17C;P2.5;209.70;P10;230.30
2011/0/6;6:6:0;T=17C;P2.5;200.80;P10;220.50
2012/0/6;6:6:0;T=17C;P2.5;203.10;P10;222.70
2012/0/6;6:6:0;T=17C;P2.5;220.80;P10;242.40
2012/0/6;6:6:0;T=17C;P2.5;200.00;P10;220.10
2012/0/6;6:6:0;T=17C;P2.5;172.80;P10;190.50
2012/0/6;6:6:0;T=17C;P2.5;131.20;P10;144.60
2012/0/6;6:6:0;T=17C;P2.5;126.90;P10;139.60
2012/0/6;6:6:0;T=17C;P2.5;145.70;P10;160.30
2012/0/6;6:6:0;T=17C;P2.5;182.80;P10;201.10
2012/0/6;6:6:0;T=17C;P2.5;193.20;P10;212.50
2012/0/6;6:6:0;T=17C;P2.5;180.40;P10;198.30
2012/0/6;6:6:0;T=17C;P2.5;171.50;P10;188.50
2012/0/6;6:6:0;T=17C;P2.5;169.50;P10;186.50
2012/0/6;6:6:0;T=17C;P2.5;187.80;P10;206.70
2012/0/6;6:6:0;T=17C;P2.5;211.40;P10;232.50
2012/0/6;6:6:0;T=17C;P2.5;225.00;P10;247.10
2012/0/6;6:6:0;T=17C;P2.5;205.90;P10;225.80
2012/0/6;6:6:0;T=17C;P2.5;182.00;P10;199.80
2012/0/6;6:6:0;T=17C;P2.5;172.00;P10;189.00
2012/0/6;6:6:0;T=17C;P2.5;193.50;P10;212.90
2012/0/6;6:6:0;T=17C;P2.5;198.20;P10;218.10
2012/0/6;6:6:0;T=17C;P2.5;187.60;P10;206.00
2012/0/6;6:6:0;T=17C;P2.5;187.60;P10;205.50
2012/0/6;6:6:0;T=17C;P2.5;180.20;P10;197.40
2012/0/6;6:6:0;T=17C;P2.5;170.20;P10;187.00
2012/0/6;6:6:0;T=17C;P2.5;158.30;P10;174.50
2012/0/6;6:6:0;T=17C;P2.5;163.60;P10;180.30
2012/0/6;6:6:0;T=17C;P2.5;173.40;P10;191.10
2012/0/6;6:6:0;T=17C;P2.5;184.10;P10;202.80
2012/0/6;6:6:0;T=17C;P2.5;176.60;P10;194.40
2012/0/6;6:6:0;T=17C;P2.5;178.00;P10;195.90
2012/0/6;6:6:0;T=17C;P2.5;155.70;P10;171.10
2012/0/6;6:6:0;T=17C;P2.5;169.00;P10;185.50
2012/0/6;6:6:0;T=17C;P2.5;166.60;P10;182.70
2012/0/6;6:6:0;T=17C;P2.5;191.00;P10;209.40
2012/0/6;6:6:0;T=17C;P2.5;186.70;P10;205.20
2012/0/6;6:6:0;T=17C;P2.5;194.10;P10;213.40
2012/0/6;6:6:0;T=17C;P2.5;177.90;P10;195.80
2012/0/6;6:6:0;T=17C;P2.5;171.10;P10;188.00
2012/0/6;6:6:0;T=17C;P2.5;171.50;P10;188.40
2012/0/6;6:6:0;T=17C;P2.5;166.20;P10;182.50
2012/0/6;6:6:0;T=17C;P2.5;153.90;P10;169.10
2012/0/6;6:6:0;T=17C;P2.5;144.40;P10;158.50
2012/0/6;6:6:0;T=17C;P2.5;151.00;P10;165.70
2012/0/6;6:6:0;T=17C;P2.5;154.90;P10;170.10
2012/0/6;6:6:0;T=17C;P2.5;162.60;P10;178.60
2012/0/6;6:6:0;T=17C;P2.5;167.60;P10;184.20
2012/0/6;6:6:0;T=17C;P2.5;181.90;P10;200.00
2012/0/6;6:6:0;T=17C;P2.5;201.40;P10;221.40
2012/0/6;6:6:0;T=17C;P2.5;188.50;P10;206.90
2012/0/6;6:6:0;T=17C;P2.5;177.30;P10;194.60
2012/0/6;6:6:0;T=17C;P2.5;145.60;P10;160.20
2012/0/6;6:6:0;T=17C;P2.5;160.30;P10;176.80
2012/0/6;6:6:0;T=17C;P2.5;164.80;P10;181.80
2012/0/6;6:6:0;T=17C;P2.5;172.00;P10;189.50
2012/0/6;6:6:0;T=17C;P2.5;168.50;P10;185.50
2012/0/6;6:6:0;T=17C;P2.5;180.60;P10;198.60
2012/0/6;6:6:0;T=17C;P2.5;209.20;P10;229.60
2012/0/6;6:6:0;T=17C;P2.5;211.00;P10;231.60
2012/0/6;6:6:0;T=17C;P2.5;191.30;P10;210.20
2012/0/6;6:6:0;T=17C;P2.5;152.20;P10;167.60
2012/0/6;6:6:0;T=17C;P2.5;142.00;P10;156.50
2012/0/6;6:6:0;T=17C;P2.5;161.40;P10;177.70
2012/0/6;6:6:0;T=17C;P2.5;188.20;P10;207.20
2012/0/6;6:6:0;T=17C;P2.5;210.00;P10;230.90
2012/0/6;6:6:0;T=17C;P2.5;199.60;P10;219.20
2012/0/6;6:6:0;T=17C;P2.5;188.70;P10;207.20
2012/0/6;6:6:0;T=17C;P2.5;202.90;P10;222.60
2012/0/6;6:6:0;T=17C;P2.5;220.60;P10;242.40
2012/0/6;6:6:0;T=17C;P2.5;232.50;P10;255.50
2012/0/6;6:6:0;T=17C;P2.5;196.30;P10;215.90
2012/0/6;6:6:0;T=17C;P2.5;170.30;P10;187.40
2012/0/6;6:6:0;T=17C;P2.5;160.70;P10;176.80
2012/0/6;6:6:0;T=17C;P2.5;161.50;P10;178.00
2012/0/6;6:6:0;T=17C;P2.5;167.40;P10;184.40
2012/0/6;6:6:0;T=17C;P2.5;156.40;P10;172.10
2012/0/6;6:6:0;T=17C;P2.5;154.10;P10;169.50
2012/0/6;6:6:0;T=17C;P2.5;158.80;P10;174.50
2012/0/6;6:6:0;T=17C;P2.5;178.70;P10;196.50
2012/0/6;6:6:0;T=17C;P2.5;173.70;P10;191.00
2012/0/6;6:6:0;T=17C;P2.5;166.20;P10;182.70
2012/0/6;6:6:0;T=17C;P2.5;138.00;P10;151.70
2012/0/6;6:6:0;T=17C;P2.5;143.20;P10;157.20
2012/0/6;6:6:0;T=17C;P2.5;156.60;P10;171.80
2012/0/6;6:6:0;T=17C;P2.5;178.40;P10;196.00
2012/0/6;6:6:0;T=17C;P2.5;199.60;P10;219.40
2012/0/6;6:6:0;T=17C;P2.5;187.40;P10;206.20
2012/0/6;6:6:0;T=17C;P2.5;171.20;P10;188.20
2012/0/6;6:6:0;T=17C;P2.5;154.90;P10;170.30
2012/0/6;6:6:0;T=17C;P2.5;164.00;P10;180.40
2012/0/6;6:6:0;T=17C;P2.5;163.60;P10;179.90
2012/0/6;6:6:0;T=17C;P2.5;160.90;P10;177.00
2013/0/6;6:6:0;T=17C;P2.5;151.10;P10;166.20
2013/0/6;6:6:0;T=17C;P2.5;165.40;P10;181.60
2013/0/6;6:6:0;T=17C;P2.5;155.80;P10;170.90
2013/0/6;6:6:0;T=17C;P2.5;150.70;P10;165.30
2013/0/6;6:6:0;T=17C;P2.5;157.20;P10;172.70
2013/0/6;6:6:0;T=17C;P2.5;167.20;P10;183.80
2013/0/6;6:6:0;T=17C;P2.5;179.40;P10;197.20
2013/0/6;6:6:0;T=17C;P2.5;182.20;P10;200.30
2013/0/6;6:6:0;T=17C;P2.5;184.40;P10;202.60
2013/0/6;6:6:0;T=17C;P2.5;166.20;P10;182.60
2013/0/6;6:6:0;T=17C;P2.5;138.60;P10;152.60
2013/0/6;6:6:0;T=17C;P2.5;134.20;P10;147.60
2013/0/6;6:6:0;T=17C;P2.5;171.30;P10;187.90
2013/0/6;6:6:0;T=17C;P2.5;155.60;P10;170.60
2013/0/6;6:6:0;T=17C;P2.5;172.20;P10;189.00
2013/0/6;6:6:0;T=17C;P2.5;157.40;P10;172.70
2013/0/6;6:6:0;T=17C;P2.5;178.90;P10;196.40
2013/0/6;6:6:0;T=17C;P2.5;183.90;P10;201.70
2013/0/6;6:6:0;T=17C;P2.5;184.70;P10;202.90
2013/0/6;6:6:0;T=17C;P2.5;185.60;P10;203.70
2013/0/6;6:6:0;T=17C;P2.5;160.70;P10;176.70
2013/0/6;6:6:0;T=17C;P2.5;155.20;P10;170.80
2013/0/6;6:6:0;T=17C;P2.5;141.80;P10;156.30
2013/0/6;6:6:0;T=17C;P2.5;154.70;P10;170.30
2013/0/6;6:6:0;T=17C;P2.5;146.20;P10;160.60
2013/0/6;6:6:0;T=17C;P2.5;152.30;P10;167.30
2013/0/6;6:6:0;T=17C;P2.5;149.50;P10;164.10
2013/0/6;6:6:0;T=17C;P2.5;167.20;P10;183.50
2013/0/6;6:6:0;T=17C;P2.5;191.30;P10;209.70
2013/0/6;6:6:0;T=17C;P2.5;209.50;P10;229.50
2013/0/6;6:6:0;T=17C;P2.5;205.90;P10;225.30
2013/0/6;6:6:0;T=17C;P2.5;216.00;P10;236.10
2013/0/6;6:6:0;T=17C;P2.5;215.80;P10;236.10
2013/0/6;6:6:0;T=17C;P2.5;208.70;P10;229.10
2013/0/6;6:6:0;T=17C;P2.5;191.20;P10;210.40
2013/0/6;6:6:0;T=17C;P2.5;177.50;P10;195.40
2013/0/6;6:6:0;T=17C;P2.5;168.90;P10;185.80
2013/0/6;6:6:0;T=17C;P2.5;165.20;P10;181.70
2013/0/6;6:6:0;T=17C;P2.5;177.40;P10;195.20
2013/0/6;6:6:0;T=17C;P2.5;192.00;P10;211.10
2013/0/6;6:6:0;T=17C;P2.5;210.90;P10;231.60
2013/0/6;6:6:0;T=17C;P2.5;225.00;P10;246.80
2013/0/6;6:6:0;T=17C;P2.5;251.00;P10;275.00
2013/0/6;6:6:0;T=17C;P2.5;248.20;P10;272.10
2013/0/6;6:6:0;T=17C;P2.5;238.40;P10;261.40
2013/0/6;6:6:0;T=17C;P2.5;226.80;P10;249.00
2013/0/6;6:6:0;T=17C;P2.5;220.90;P10;242.70
2013/0/6;6:6:0;T=17C;P2.5;200.50;P10;220.60
2013/0/6;6:6:0;T=17C;P2.5;188.80;P10;207.90
2013/0/6;6:6:0;T=17C;P2.5;190.40;P10;209.70
2013/0/6;6:6:0;T=17C;P2.5;228.20;P10;250.70
2013/0/6;6:6:0;T=17C;P2.5;237.50;P10;260.90
2013/0/6;6:6:0;T=17C;P2.5;254.20;P10;279.00
2013/0/6;6:6:0;T=17C;P2.5;239.80;P10;263.40
2013/0/6;6:6:0;T=17C;P2.5;233.80;P10;256.70
2013/0/6;6:6:0;T=17C;P2.5;207.10;P10;227.50
2013/0/6;6:6:0;T=17C;P2.5;183.60;P10;201.60
2013/0/6;6:6:0;T=17C;P2.5;177.00;P10;194.20
2013/0/6;6:6:0;T=17C;P2.5;169.80;P10;186.50
2013/0/6;6:6:0;T=17C;P2.5;176.50;P10;194.20
2013/0/6;6:6:0;T=17C;P2.5;200.90;P10;220.80
2013/0/6;6:6:0;T=17C;P2.5;222.10;P10;243.70
2013/0/6;6:6:0;T=17C;P2.5;216.70;P10;237.40
2013/0/6;6:6:0;T=17C;P2.5;211.80;P10;232.10
2013/0/6;6:6:0;T=17C;P2.5;201.40;P10;220.90
2013/0/6;6:6:0;T=17C;P2.5;220.20;P10;241.90
2013/0/6;6:6:0;T=17C;P2.5;194.60;P10;214.20
2013/0/6;6:6:0;T=17C;P2.5;186.40;P10;205.30
2013/0/6;6:6:0;T=17C;P2.5;162.90;P10;179.60
2013/0/6;6:6:0;T=17C;P2.5;169.10;P10;186.30
2013/0/6;6:6:0;T=17C;P2.5;192.40;P10;211.80
2013/0/6;6:6:0;T=17C;P2.5;212.50;P10;233.70
2013/0/6;6:6:0;T=17C;P2.5;210.30;P10;231.10
2013/0/6;6:6:0;T=17C;P2.5;202.70;P10;222.60
2013/0/6;6:6:0;T=17C;P2.5;203.30;P10;223.50
2013/0/6;6:6:0;T=17C;P2.5;238.30;P10;261.80
2013/0/6;6:6:0;T=17C;P2.5;216.40;P10;238.00
2013/0/6;6:6:0;T=17C;P2.5;211.00;P10;231.90
2013/0/6;6:6:0;T=17C;P2.5;173.20;P10;190.50
2013/0/6;6:6:0;T=17C;P2.5;187.40;P10;206.10
2013/0/6;6:6:0;T=17C;P2.5;186.30;P10;205.50
2013/0/6;6:6:0;T=17C;P2.5;226.70;P10;249.50
2013/0/6;6:6:0;T=17C;P2.5;248.50;P10;272.90
2013/0/6;6:6:0;T=17C;P2.5;264.20;P10;289.60
2013/0/6;6:6:0;T=17C;P2.5;241.10;P10;264.50
2013/0/6;6:6:0;T=17C;P2.5;232.70;P10;255.90
2013/0/6;6:6:0;T=17C;P2.5;213.10;P10;234.70
2013/0/6;6:6:0;T=17C;P2.5;208.10;P10;229.50
2013/0/6;6:6:0;T=17C;P2.5;180.50;P10;198.90
2013/0/6;6:6:0;T=17C;P2.5;173.60;P10;191.50
2013/0/6;6:6:0;T=17C;P2.5;177.80;P10;196.00
2014/0/6;6:6:0;T=17C;P2.5;215.60;P10;237.20
2014/0/6;6:6:0;T=17C;P2.5;247.80;P10;271.90
2014/0/6;6:6:0;T=17C;P2.5;266.90;P10;292.40
2014/0/6;6:6:0;T=17C;P2.5;237.10;P10;259.90
2014/0/6;6:6:0;T=17C;P2.5;223.60;P10;245.50
2014/0/6;6:6:0;T=17C;P2.5;201.00;P10;221.40
2014/0/6;6:6:0;T=17C;P2.5;215.10;P10;237.00
2014/0/6;6:6:0;T=17C;P2.5;207.10;P10;228.00
2014/0/6;6:6:0;T=17C;P2.5;203.70;P10;224.30
2014/0/6;6:6:0;T=17C;P2.5;181.80;P10;200.30
2014/0/6;6:6:0;T=17C;P2.5;185.70;P10;204.60
2014/0/6;6:6:0;T=17C;P2.5;204.20;P10;224.70
2014/0/6;6:6:0;T=17C;P2.5;241.50;P10;265.10
2014/0/6;6:6:0;T=17C;P2.5;218.60;P10;239.90
2014/0/6;6:6:0;T=17C;P2.5;219.30;P10;240.40
2014/0/6;6:6:0;T=17C;P2.5;187.10;P10;205.80
2014/0/6;6:6:0;T=17C;P2.5;198.60;P10;218.80
2014/0/6;6:6:0;T=17C;P2.5;160.00;P10;177.00
2014/0/6;6:6:0;T=17C;P2.5;140.60;P10;155.40
2014/0/6;6:6:0;T=17C;P2.5;152.20;P10;167.50
2014/0/6;6:6:0;T=17C;P2.5;170.70;P10;187.60
2014/0/6;6:6:0;T=17C;P2.5;222.20;P10;244.10
2014/0/6;6:6:0;T=17C;P2.5;246.60;P10;270.80
2014/0/6;6:6:0;T=17C;P2.5;247.00;P10;271.10
2014/0/6;6:6:0;T=17C;P2.5;227.80;P10;249.80
2014/0/6;6:6:0;T=17C;P2.5;212.50;P10;233.20
2014/0/6;6:6:0;T=17C;P2.5;198.50;P10;218.20
2014/0/6;6:6:0;T=17C;P2.5;202.40;P10;222.80
2014/0/6;6:6:0;T=17C;P2.5;195.50;P10;215.40
2014/0/6;6:6:0;T=17C;P2.5;195.60;P10;215.30
2014/0/6;6:6:0;T=17C;P2.5;182.50;P10;200.80
2014/0/6;6:6:0;T=17C;P2.5;199.90;P10;219.70
2014/0/6;6:6:0;T=17C;P2.5;238.40;P10;261.70
2014/0/6;6:6:0;T=17C;P2.5;264.20;P10;289.90
2014/0/6;6:6:0;T=17C;P2.5;254.50;P10;279.30
2014/0/6;6:6:0;T=17C;P2.5;238.30;P10;261.60
2014/0/6;6:6:0;T=17C;P2.5;231.70;P10;254.40
2014/0/6;6:6:0;T=17C;P2.5;219.40;P10;241.10
2014/0/6;6:6:0;T=17C;P2.5;229.60;P10;252.30
2014/0/6;6:6:0;T=17C;P2.5;229.80;P10;252.40
2014/0/6;6:6:0;T=17C;P2.5;226.20;P10;248.20
2014/0/6;6:6:0;T=17C;P2.5;214.30;P10;235.10
2014/0/6;6:6:0;T=17C;P2.5;214.40;P10;235.00
2014/0/6;6:6:0;T=17C;P2.5;237.10;P10;260.00
2014/0/6;6:6:0;T=17C;P2.5;247.10;P10;270.80
2014/0/6;6:6:0;T=17C;P2.5;237.40;P10;260.70
2014/0/6;6:6:0;T=17C;P2.5;203.70;P10;223.80
2014/0/6;6:6:0;T=17C;P2.5;172.70;P10;190.30
2014/0/6;6:6:0;T=17C;P2.5;167.30;P10;184.20
2014/0/6;6:6:0;T=17C;P2.5;188.50;P10;207.50
2014/0/6;6:6:0;T=17C;P2.5;205.30;P10;225.50
2014/0/6;6:6:0;T=17C;P2.5;194.90;P10;213.50
2014/0/6;6:6:0;T=17C;P2.5;182.20;P10;199.50
2014/0/6;6:6:0;T=17C;P2.5;170.00;P10;186.50
2014/0/6;6:6:0;T=17C;P2.5;178.00;P10;195.60
2014/0/6;6:6:0;T=17C;P2.5;165.10;P10;181.50
2014/0/6;6:6:0;T=17C;P2.5;146.80;P10;161.30
2014/0/6;6:6:0;T=17C;P2.5;148.30;P10;163.20
2014/0/6;6:6:0;T=17C;P2.5;144.40;P10;158.90
2014/0/6;6:6:0;T=17C;P2.5;166.80;P10;183.60
2014/0/6;6:6:0;T=17C;P2.5;165.90;P10;182.40
2014/0/6;6:6:0;T=17C;P2.5;192.20;P10;211.20
2014/0/6;6:6:0;T=17C;P2.5;199.20;P10;218.80
2014/0/6;6:6:0;T=17C;P2.5;183.80;P10;201.70
2014/0/6;6:6:0;T=17C;P2.5;175.80;P10;193.10
2014/0/6;6:6:0;T=17C;P2.5;161.70;P10;177.80
2014/0/6;6:6:0;T=17C;P2.5;169.70;P10;186.90
2014/0/6;6:6:0;T=17C;P2.5;171.20;P10;188.20
2014/0/6;6:6:0;T=17C;P2.5;183.00;P10;200.70
2014/0/6;6:6:0;T=17C;P2.5;192.40;P10;210.80
2014/0/6;6:6:0;T=17C;P2.5;200.70;P10;220.20
2014/0/6;6:6:0;T=17C;P2.5;207.20;P10;227.40
2014/0/6;6:6:0;T=17C;P2.5;214.00;P10;235.00
2014/0/6;6:6:0;T=17C;P2.5;207.30;P10;227.60
2014/0/6;6:6:0;T=17C;P2.5;192.30;P10;211.40
2014/0/6;6:6:0;T=17C;P2.5;170.10;P10;187.20
2014/0/6;6:6:0;T=17C;P2.5;164.30;P10;181.40
2014/0/6;6:6:0;T=17C;P2.5;168.60;P10;186.10
2014/0/6;6:6:0;T=17C;P2.5;183.30;P10;202.00
2014/0/6;6:6:0;T=17C;P2.5;182.30;P10;200.50
2014/0/6;6:6:0;T=17C;P2.5;185.70;P10;204.10
2014/0/6;6:6:0;T=17C;P2.5;191.70;P10;210.90
2014/0/6;6:6:0;T=17C;P2.5;216.20;P10;237.60
2014/0/6;6:6:0;T=17C;P2.5;220.30;P10;242.20
2014/0/6;6:6:0;T=17C;P2.5;213.20;P10;234.10
2014/0/6;6:6:0;T=17C;P2.5;175.30;P10;192.80
2014/0/6;6:6:0;T=17C;P2.5;162.40;P10;178.60
2014/0/6;6:6:0;T=17C;P2.5;150.90;P10;166.50
2014/0/6;6:6:0;T=17C;P2.5;153.60;P10;169.50
2014/0/6;6:6:0;T=17C;P2.5;157.30;P10;173.40
2014/0/6;6:6:0;T=17C;P2.5;172.50;P10;189.70
2015/0/6;6:6:0;T=17C;P2.5;194.50;P10;213.30
2015/0/6;6:6:0;T=17C;P2.5;207.10;P10;227.10
2015/0/6;6:6:0;T=17C;P2.5;196.40;P10;215.40
2015/0/6;6:6:0;T=17C;P2.5;175.90;P10;193.20
2015/0/6;6:6:0;T=17C;P2.5;156.60;P10;172.10
2015/0/6;6:6:0;T=17C;P2.5;143.20;P10;157.40
2015/0/6;6:6:0;T=17C;P2.5;133.80;P10;147.00
2015/0/6;6:6:0;T=17C;P2.5;152.60;P10;167.70
2015/0/6;6:6:0;T=17C;P2.5;201.00;P10;220.50
2015/0/6;6:6:0;T=17C;P2.5;239.30;P10;262.20
2015/0/6;6:6:0;T=17C;P2.5;242.60;P10;265.60
2015/0/6;6:6:0;T=17C;P2.5;239.10;P10;261.70
2015/0/6;6:6:0;T=17C;P2.5;218.10;P10;239.30
2015/0/6;6:6:0;T=17C;P2.5;223.10;P10;245.10
2015/0/6;6:6:0;T=17C;P2.5;190.40;P10;209.70
2015/0/6;6:6:0;T=17C;P2.5;189.10;P10;208.30
2015/0/6;6:6:0;T=17C;P2.5;152.00;P10;167.60
2015/0/6;6:6:0;T=17C;P2.5;151.90;P10;167.60
2015/0/6;6:6:0;T=17C;P2.5;168.60;P10;185.90
2015/0/6;6:6:0;T=17C;P2.5;214.80;P10;236.50
2015/0/6;6:6:0;T=17C;P2.5;235.00;P10;258.40
2015/0/6;6:6:0;T=17C;P2.5;230.30;P10;252.80
2015/0/6;6:6:0;T=17C;P2.5;208.00;P10;228.40
2015/0/6;6:6:0;T=17C;P2.5;220.70;P10;242.40
2015/0/6;6:6:0;T=17C;P2.5;218.50;P10;240.50
2015/0/6;6:6:0;T=17C;P2.5;212.10;P10;233.50
2015/0/6;6:6:0;T=17C;P2.5;181.10;P10;199.60
2015/0/6;6:6:0;T=17C;P2.5;172.10;P10;189.50
2015/0/6;6:6:0;T=17C;P2.5;187.20;P10;205.90
2015/0/6;6:6:0;T=17C;P2.5;216.40;P10;237.70
2015/0/6;6:6:0;T=17C;P2.5;236.50;P10;259.70
2015/0/6;6:6:0;T=17C;P2.5;226.10;P10;248.30
2015/0/6;6:6:0;T=17C;P2.5;194.90;P10;214.00
2015/0/6;6:6:0;T=17C;P2.5;195.80;P10;215.10
2015/0/6;6:6:0;T=17C;P2.5;210.40;P10;231.00
2015/0/6;6:6:0;T=17C;P2.5;220.20;P10;241.90
2015/0/6;6:6:0;T=17C;P2.5;200.70;P10;220.50
2015/0/6;6:6:0;T=17C;P2.5;179.20;P10;197.20
2015/0/6;6:6:0;T=17C;P2.5;183.50;P10;201.90
2015/0/6;6:6:0;T=17C;P2.5;215.40;P10;236.70
2015/0/6;6:6:0;T=17C;P2.5;218.80;P10;240.30
2015/0/6;6:6:0;T=17C;P2.5;207.60;P10;228.00
2015/0/6;6:6:0;T=17C;P2.5;164.10;P10;180.40
2015/0/6;6:6:0;T=17C;P2.5;143.50;P10;157.80
2015/0/6;6:6:0;T=17C;P2.5;163.00;P10;178.90
2015/0/6;6:6:0;T=17C;P2.5;173.30;P10;190.20
2015/0/6;6:6:0;T=17C;P2.5;232.60;P10;255.90
2015/0/6;6:6:0;T=17C;P2.5;390.50;P10;434.60
2015/0/6;6:6:0;T=17C;P2.5;577.80;P10;645.40
2015/0/6;6:6:0;T=17C;P2.5;734.10;P10;824.50
2015/0/6;6:6:0;T=17C;P2.5;757.90;P10;858.80
2015/0/6;6:6:0;T=17C;P2.5;766.30;P10;892.00
2015/0/6;6:6:0;T=17C;P2.5;766.00;P10;905.50
2015/0/6;6:6:0;T=17C;P2.5;776.70;P10;943.50
2015/0/6;6:6:0;T=17C;P2.5;792.10;P10;982.10
2015/0/7;7:6:0;T=17C;P2.5;802.80;P10;1013.50
2015/0/7;7:6:0;T=17C;P2.5;810.40;P10;1039.50
2015/0/7;7:6:0;T=17C;P2.5;826.90;P10;1086.90
2015/0/7;7:6:0;T=17C;P2.5;842.80;P10;1134.70
2015/0/7;7:6:0;T=17C;P2.5;863.70;P10;1205.80
2015/0/7;7:6:0;T=17C;P2.5;868.90;P10;1234.50
2015/0/7;7:6:0;T=17C;P2.5;878.00;P10;1260.10
2015/0/7;7:6:0;T=17C;P2.5;867.20;P10;1205.30
2015/0/7;7:6:0;T=17C;P2.5;847.70;P10;1136.80
2015/0/7;7:6:0;T=17C;P2.5;821.80;P10;1051.00
2015/0/7;7:6:0;T=17C;P2.5;799.90;P10;1000.40
2015/0/6;6:6:0;T=17C;P2.5;791.70;P10;987.60
2015/0/6;6:6:0;T=17C;P2.5;781.70;P10;972.60
2015/0/6;6:6:0;T=17C;P2.5;773.30;P10;954.20
2015/0/6;6:6:0;T=17C;P2.5;770.20;P10;932.20
2015/0/6;6:6:0;T=17C;P2.5;764.10;P10;912.00
2015/0/6;6:6:0;T=17C;P2.5;767.50;P10;899.20
2015/0/6;6:6:0;T=17C;P2.5;759.30;P10;884.70
2015/0/6;6:6:0;T=17C;P2.5;758.00;P10;870.60
2015/0/6;6:6:0;T=17C;P2.5;749.20;P10;862.20
2015/0/6;6:6:0;T=17C;P2.5;748.00;P10;852.70
2015/0/6;6:6:0;T=17C;P2.5;740.00;P10;840.60
2015/0/6;6:6:0;T=17C;P2.5;726.30;P10;817.00
2015/0/6;6:6:0;T=17C;P2.5;713.80;P10;802.20
2015/0/6;6:6:0;T=17C;P2.5;706.20;P10;793.20
2015/0/6;6:6:0;T=17C;P2.5;706.40;P10;792.90
2015/0/6;6:6:0;T=17C;P2.5;695.80;P10;781.00
2015/0/6;6:6:0;T=17C;P2.5;688.80;P10;771.70
2015/0/6;6:6:0;T=17C;P2.5;676.40;P10;757.10
2015/0/6;6:6:0;T=17C;P2.5;672.00;P10;751.10
2015/0/6;6:6:0;T=17C;P2.5;664.80;P10;743.20
2015/0/6;6:6:0;T=17C;P2.5;658.90;P10;736.10
2015/0/6;6:6:0;T=17C;P2.5;652.90;P10;728.60
2015/0/6;6:6:0;T=17C;P2.5;644.50;P10;718.70
2015/0/6;6:6:0;T=17C;P2.5;635.60;P10;708.40
2015/0/6;6:6:0;T=17C;P2.5;623.00;P10;694.50
2010/0/6;6:6:0;T=17C;P2.5;613.70;P10;683.70
2010/0/6;6:6:0;T=17C;P2.5;600.20;P10;668.70
2010/0/6;6:6:0;T=17C;P2.5;591.30;P10;658.60
2010/0/6;6:6:0;T=17C;P2.5;580.20;P10;646.70
2010/0/6;6:6:0;T=17C;P2.5;586.80;P10;653.10
2010/0/6;6:6:0;T=17C;P2.5;585.10;P10;650.90
2010/0/6;6:6:0;T=17C;P2.5;569.50;P10;633.30
2010/0/6;6:6:0;T=17C;P2.5;542.40;P10;604.10
2010/0/6;6:6:0;T=17C;P2.5;536.80;P10;597.20
2010/0/6;6:6:0;T=17C;P2.5;532.50;P10;592.40
2010/0/6;6:6:0;T=17C;P2.5;522.30;P10;581.10
2010/0/6;6:6:0;T=17C;P2.5;497.60;P10;555.10
2010/0/6;6:6:0;T=17C;P2.5;482.20;P10;538.10
2010/0/6;6:6:0;T=17C;P2.5;478.40;P10;533.60
2010/0/6;6:6:0;T=17C;P2.5;488.00;P10;543.00
2010/0/6;6:6:0;T=17C;P2.5;509.30;P10;565.20
2010/0/6;6:6:0;T=17C;P2.5;508.30;P10;563.70
2010/0/6;6:6:0;T=17C;P2.5;480.50;P10;534.30
2010/0/6;6:6:0;T=17C;P2.5;447.00;P10;498.20
2010/0/6;6:6:0;T=17C;P2.5;431.30;P10;481.10
2010/0/6;6:6:0;T=17C;P2.5;425.60;P10;474.60
2010/0/6;6:6:0;T=17C;P2.5;415.00;P10;463.50
2010/0/6;6:6:0;T=17C;P2.5;396.90;P10;444.40
2010/0/6;6:6:0;T=17C;P2.5;388.10;P10;434.40
2010/0/6;6:6:0;T=17C;P2.5;386.20;P10;432.00
2010/0/6;6:6:0;T=17C;P2.5;393.80;P10;439.70
2010/0/6;6:6:0;T=17C;P2.5;395.70;P10;441.70
2010/0/6;6:6:0;T=17C;P2.5;383.00;P10;427.90
2010/0/6;6:6:0;T=17C;P2.5;370.10;P10;413.30
2010/0/6;6:6:0;T=17C;P2.5;356.20;P10;397.90
2010/0/6;6:6:0;T=17C;P2.5;351.10;P10;392.30
2010/0/6;6:6:0;T=17C;P2.5;343.70;P10;384.60
2010/0/6;6:6:0;T=17C;P2.5;342.60;P10;383.00
2010/0/6;6:6:0;T=17C;P2.5;333.60;P10;372.50
2010/0/6;6:6:0;T=17C;P2.5;329.70;P10;367.90
2010/0/6;6:6:0;T=17C;P2.5;325.60;P10;363.40
2010/0/6;6:6:0;T=17C;P2.5;330.50;P10;368.50
2010/0/6;6:6:0;T=17C;P2.5;328.50;P10;365.40
2010/0/6;6:6:0;T=17C;P2.5;311.20;P10;346.60
2010/0/6;6:6:0;T=17C;P2.5;298.10;P10;332.20
2010/0/6;6:6:0;T=17C;P2.5;285.20;P10;318.30
2010/0/6;6:6:0;T=17C;P2.5;290.10;P10;323.20
2010/0/6;6:6:0;T=17C;P2.5;291.50;P10;324.90
2010/0/6;6:6:0;T=17C;P2.5;289.40;P10;322.60
2010/0/6;6:6:0;T=17C;P2.5;276.70;P10;308.80
2010/0/6;6:6:0;T=17C;P2.5;270.90;P10;301.60
2010/0/6;6:6:0;T=17C;P2.5;278.40;P10;309.60
2010/0/6;6:6:0;T=17C;P2.5;280.80;P10;312.00
2010/0/6;6:6:0;T=17C;P2.5;266.90;P10;297.00
2010/0/6;6:6:0;T=17C;P2.5;248.50;P10;276.70
2010/0/6;6:6:0;T=17C;P2.5;231.30;P10;257.70
2010/0/6;6:6:0;T=17C;P2.5;229.30;P10;255.70
2010/0/6;6:6:0;T=17C;P2.5;249.60;P10;277.90
2010/0/6;6:6:0;T=17C;P2.5;267.30;P10;297.00
2010/0/6;6:6:0;T=17C;P2.5;283.00;P10;313.60
2010/0/6;6:6:0;T=17C;P2.5;268.80;P10;297.40
2010/0/6;6:6:0;T=17C;P2.5;267.10;P10;295.40
2010/0/6;6:6:0;T=17C;P2.5;275.30;P10;304.70
2010/0/6;6:6:0;T=17C;P2.5;264.60;P10;293.30
2010/0/6;6:6:0;T=17C;P2.5;243.10;P10;269.50
2010/0/6;6:6:0;T=17C;P2.5;205.20;P10;228.10
2010/0/6;6:6:0;T=17C;P2.5;188.40;P10;209.80
2010/0/6;6:6:0;T=17C;P2.5;195.70;P10;218.10
2010/0/6;6:6:0;T=17C;P2.5;234.50;P10;259.90
2010/0/6;6:6:0;T=17C;P2.5;258.70;P10;286.00
2010/0/6;6:6:0;T=17C;P2.5;250.80;P10;277.10
2010/0/6;6:6:0;T=17C;P2.5;239.20;P10;264.50
2010/0/6;6:6:0;T=17C;P2.5;224.10;P10;248.10
2010/0/6;6:6:0;T=17C;P2.5;241.40;P10;266.90
2010/0/6;6:6:0;T=17C;P2.5;247.80;P10;273.90
2010/0/6;6:6:0;T=17C;P2.5;251.70;P10;278.00
2010/0/6;6:6:0;T=17C;P2.5;248.20;P10;273.90
2010/0/6;6:6:0;T=17C;P2.5;224.20;P10;247.60
2010/0/6;6:6:0;T=17C;P2.5;240.30;P10;265.10
2010/0/6;6:6:0;T=17C;P2.5;243.40;P10;268.90
2010/0/6;6:6:0;T=17C;P2.5;271.00;P10;299.00
2010/0/6;6:6:0;T=17C;P2.5;268.60;P10;296.00
2010/0/6;6:6:0;T=17C;P2.5;244.80;P10;269.80
2010/0/6;6:6:0;T=17C;P2.5;215.40;P10;238.10
2010/0/6;6:6:0;T=17C;P2.5;195.70;P10;217.20
2010/0/6;6:6:0;T=17C;P2.5;212.60;P10;235.70
2010/0/6;6:6:0;T=17C;P2.5;219.10;P10;242.40
2010/0/6;6:6:0;T=17C;P2.5;246.40;P10;271.50
2010/0/6;6:6:0;T=17C;P2.5;247.50;P10;272.70
2010/0/6;6:6:0;T=17C;P2.5;261.20;P10;288.00
2010/0/6;6:6:0;T=17C;P2.5;255.70;P10;282.50
2010/0/6;6:6:0;T=17C;P2.5;256.60;P10;283.40
2010/0/6;6:6:0;T=17C;P2.5;242.10;P10;267.20
2010/0/6;6:6:0;T=17C;P2.5;220.20;P10;243.20
2010/0/6;6:6:0;T=17C;P2.5;214.90;P10;237.70
2010/0/6;6:6:0;T=17C;P2.5;232.80;P10;257.30
2011/0/6;6:6:0;T=17C;P2.5;269.40;P10;296.90
2011/0/6;6:6:0;T=17C;P2.5;298.10;P10;327.70
2011/0/6;6:6:0;T=17C;P2.5;290.00;P10;318.50
2011/0/6;6:6:0;T=17C;P2.5;281.90;P10;309.60
2011/0/6;6:6:0;T=17C;P2.5;275.20;P10;302.30
2011/0/6;6:6:0;T=17C;P2.5;263.40;P10;289.80
2011/0/6;6:6:0;T=17C;P2.5;242.00;P10;266.70
2011/0/6;6:6:0;T=17C;P2.5;224.70;P10;247.70
2011/0/6;6:6:0;T=17C;P2.5;210.00;P10;231.50
2011/0/6;6:6:0;T=17C;P2.5;203.30;P10;224.30
2011/0/6;6:6:0;T=17C;P2.5;201.40;P10;222.80
2011/0/6;6:6:0;T=17C;P2.5;233.90;P10;258.20
2011/0/6;6:6:0;T=17C;P2.5;258.10;P10;284.20
2011/0/6;6:6:0;T=17C;P2.5;257.30;P10;282.90
2011/0/6;6:6:0;T=17C;P2.5;262.30;P10;288.10
2011/0/6;6:6:0;T=17C;P2.5;262.20;P10;288.10
2011/0/6;6:6:0;T=17C;P2.5;260.00;P10;286.00
2011/0/6;6:6:0;T=17C;P2.5;253.20;P10;278.50
2011/0/6;6:6:0;T=17C;P2.5;226.10;P10;249.10
2011/0/6;6:6:0;T=17C;P2.5;227.30;P10;250.00
2011/0/6;6:6:0;T=17C;P2.5;228.00;P10;251.10
2011/0/6;6:6:0;T=17C;P2.5;246.20;P10;270.80
2011/0/6;6:6:0;T=17C;P2.5;272.20;P10;299.10
2011/0/6;6:6:0;T=17C;P2.5;258.90;P10;284.80
2011/0/6;6:6:0;T=17C;P2.5;259.70;P10;285.60
2011/0/6;6:6:0;T=17C;P2.5;246.50;P10;271.50
2011/0/6;6:6:0;T=17C;P2.5;246.60;P10;271.60
2011/0/6;6:6:0;T=17C;P2.5;235.50;P10;259.80
2011/0/6;6:6:0;T=17C;P2.5;217.90;P10;240.70
2011/0/6;6:6:0;T=17C;P2.5;220.30;P10;243.20
2011/0/6;6:6:0;T=17C;P2.5;234.60;P10;258.40
2011/0/6;6:6:0;T=17C;P2.5;259.60;P10;285.30
2011/0/6;6:6:0;T=17C;P2.5;272.40;P10;299.10
2011/0/6;6:6:0;T=17C;P2.5;275.60;P10;302.70
2011/0/6;6:6:0;T=17C;P2.5;260.10;P10;285.90
2011/0/6;6:6:0;T=17C;P2.5;249.90;P10;274.70
2011/0/6;6:6:0;T=17C;P2.5;240.90;P10;265.10
2011/0/6;6:6:0;T=17C;P2.5;233.50;P10;257.20
2011/0/6;6:6:0;T=17C;P2.5;219.40;P10;242.20
2011/0/6;6:6:0;T=17C;P2.5;219.60;P10;242.00
2011/0/6;6:6:0;T=17C;P2.5;219.30;P10;241.50
2011/0/6;6:6:0;T=17C;P2.5;223.70;P10;246.30
2011/0/6;6:6:0;T=17C;P2.5;232.50;P10;255.90
2011/0/6;6:6:0;T=17C;P2.5;260.60;P10;286.50
2011/0/6;6:6:0;T=17C;P2.5;285.60;P10;313.40
2011/0/6;6:6:0;T=17C;P2.5;280.00;P10;307.30
2011/0/6;6:6:0;T=17C;P2.5;265.80;P10;291.90
2011/0/6;6:6:0;T=17C;P2.5;251.80;P10;276.90
2011/0/6;6:6:0;T=17C;P2.5;233.70;P10;257.20
2011/0/6;6:6:0;T=17C;P2.5;231.10;P10;254.40
2011/0/6;6:6:0;T=17C;P2.5;198.70;P10;218.70
2011/0/6;6:6:0;T=17C;P2.5;182.80;P10;201.30
2011/0/6;6:6:0;T=17C;P2.5;156.10;P10;172.10
2011/0/6;6:6:0;T=17C;P2.5;190.40;P10;209.60
2011/0/6;6:6:0;T=17C;P2.5;244.00;P10;267.80
2011/0/6;6:6:0;T=17C;P2.5;255.80;P10;280.40
2011/0/6;6:6:0;T=17C;P2.5;241.60;P10;265.00
2011/0/6;6:6:0;T=17C;P2.5;222.00;P10;243.60
2011/0/6;6:6:0;T=17C;P2.5;208.60;P10;229.40
2011/0/6;6:6:0;T=17C;P2.5;188.50;P10;207.60
2011/0/6;6:6:0;T=17C;P2.5;181.10;P10;199.90
2011/0/6;6:6:0;T=17C;P2.5;196.10;P10;215.70
2011/0/6;6:6:0;T=17C;P2.5;220.40;P10;242.10
2011/0/6;6:6:0;T=17C;P2.5;189.40;P10;208.00
2011/0/6;6:6:0;T=17C;P2.5;191.60;P10;210.70
2011/0/6;6:6:0;T=17C;P2.5;172.50;P10;190.10
2011/0/6;6:6:0;T=17C;P2.5;199.30;P10;219.40
2011/0/6;6:6:0;T=17C;P2.5;211.90;P10;233.20
2011/0/6;6:6:0;T=17C;P2.5;214.70;P10;236.00
2011/0/6;6:6:0;T=17C;P2.5;223.70;P10;246.10
2011/0/6;6:6:0;T=17C;P2.5;208.60;P10;229.40
2011/0/6;6:6:0;T=17C;P2.5;230.00;P10;252.50
2011/0/6;6:6:0;T=17C;P2.5;216.80;P10;238.00
2011/0/6;6:6:0;T=17C;P2.5;206.50;P10;226.60
2011/0/6;6:6:0;T=17C;P2.5;183.90;P10;202.00
2011/0/6;6:6:0;T=17C;P2.5;161.40;P10;177.40
2011/0/6;6:6:0;T=17C;P2.5;146.50;P10;161.40
2011/0/6;6:6:0;T=17C;P2.5;140.50;P10;154.90
2011/0/6;6:6:0;T=17C;P2.5;162.50;P10;178.70
2011/0/6;6:6:0;T=17C;P2.5;169.70;P10;186.50
2011/0/6;6:6:0;T=17C;P2.5;164.20;P10;180.50
2011/0/6;6:6:0;T=17C;P2.5;136.50;P10;150.40
2011/0/6;6:6:0;T=17C;P2.5;148.90;P10;164.10
2011/0/6;6:6:0;T=17C;P2.5;157.10;P10;173.00
2011/0/6;6:6:0;T=17C;P2.5;167.30;P10;184.00
2011/0/6;6:6:0;T=17C;P2.5;149.80;P10;164.70
2011/0/6;6:6:0;T=17C;P2.5;168.10;P10;184.80
2011/0/6;6:6:0;T=17C;P2.5;180.40;P10;198.40
2011/0/6;6:6:0;T=17C;P2.5;197.90;P10;217.70
2011/0/6;6:6:0;T=17C;P2.5;190.60;P10;209.70
2011/0/6;6:6:0;T=17C;P2.5;221.40;P10;243.20
2012/0/6;6:6:0;T=17C;P2.5;229.00;P10;251.50
2012/0/6;6:6:0;T=17C;P2.5;205.30;P10;225.70
2012/0/6;6:6:0;T=17C;P2.5;188.80;P10;207.60
2012/0/6;6:6:0;T=17C;P2.5;184.40;P10;202.90
2012/0/6;6:6:0;T=17C;P2.5;209.00;P10;229.80
2012/0/6;6:6:0;T=17C;P2.5;212.20;P10;233.50
2012/0/6;6:6:0;T=17C;P2.5;214.90;P10;236.30
2012/0/6;6:6:0;T=17C;P2.5;204.60;P10;225.10
2012/0/6;6:6:0;T=17C;P2.5;178.80;P10;196.90
2012/0/6;6:6:0;T=17C;P2.5;184.60;P10;203.10
2012/0/6;6:6:0;T=17C;P2.5;196.80;P10;216.60
2012/0/6;6:6:0;T=17C;P2.5;210.00;P10;230.80
2012/0/6;6:6:0;T=17C;P2.5;197.50;P10;217.30
2012/0/6;6:6:0;T=17C;P2.5;182.80;P10;201.30
2012/0/6;6:6:0;T=17C;P2.5;170.00;P10;187.90
2012/0/6;6:6:0;T=17C;P2.5;161.10;P10;178.20
2012/0/6;6:6:0;T=17C;P2.5;154.90;P10;171.00
2012/0/6;6:6:0;T=17C;P2.5;148.60;P10;163.90
2012/0/6;6:6:0;T=17C;P2.5;159.20;P10;175.30
2012/0/6;6:6:0;T=17C;P2.5;186.60;P10;205.30
2012/0/6;6:6:0;T=17C;P2.5;210.90;P10;231.90
2012/0/6;6:6:0;T=17C;P2.5;203.90;P10;224.10
2012/0/6;6:6:0;T=17C;P2.5;189.50;P10;208.20
2012/0/6;6:6:0;T=17C;P2.5;192.10;P10;210.90
2012/0/6;6:6:0;T=17C;P2.5;187.80;P10;206.40
2012/0/6;6:6:0;T=17C;P2.5;181.30;P10;199.70
2012/0/6;6:6:0;T=17C;P2.5;176.30;P10;194.40
2012/0/6;6:6:0;T=17C;P2.5;187.90;P10;206.70
2012/0/6;6:6:0;T=17C;P2.5;200.60;P10;220.60
2012/0/6;6:6:0;T=17C;P2.5;198.00;P10;217.70
2012/0/6;6:6:0;T=17C;P2.5;215.00;P10;236.60
2012/0/6;6:6:0;T=17C;P2.5;201.10;P10;221.60
2012/0/6;6:6:0;T=17C;P2.5;182.80;P10;201.30
2012/0/6;6:6:0;T=17C;P2.5;155.10;P10;170.70
2012/0/6;6:6:0;T=17C;P2.5;156.70;P10;172.10
2012/0/6;6:6:0;T=17C;P2.5;160.00;P10;176.20
2012/0/6;6:6:0;T=17C;P2.5;161.80;P10;178.50
2012/0/6;6:6:0;T=17C;P2.5;162.70;P10;179.40
2012/0/6;6:6:0;T=17C;P2.5;163.30;P10;179.80
2012/0/6;6:6:0;T=17C;P2.5;172.60;P10;189.80
2012/0/6;6:6:0;T=17C;P2.5;200.50;P10;220.20
2012/0/6;6:6:0;T=17C;P2.5;208.60;P10;229.00
2012/0/6;6:6:0;T=17C;P2.5;207.30;P10;227.90
2012/0/6;6:6:0;T=17C;P2.5;180.50;P10;198.90
2012/0/6;6:6:0;T=17C;P2.5;194.50;P10;214.50
2012/0/6;6:6:0;T=17C;P2.5;189.10;P10;208.40
2012/0/6;6:6:0;T=17C;P2.5;194.70;P10;214.70
2012/0/6;6:6:0;T=17C;P2.5;173.30;P10;191.10
2012/0/6;6:6:0;T=17C;P2.5;200.40;P10;220.30
2012/0/6;6:6:0;T=17C;P2.5;196.70;P10;215.50
2012/0/6;6:6:0;T=17C;P2.5;227.00;P10;248.30
2012/0/6;6:6:0;T=17C;P2.5;225.60;P10;246.90
2012/0/6;6:6:0;T=17C;P2.5;217.40;P10;238.60
2012/0/6;6:6:0;T=17C;P2.5;201.00;P10;221.20
2012/0/6;6:6:0;T=17C;P2.5;182.50;P10;201.30
2012/0/6;6:6:0;T=17C;P2.5;191.60;P10;211.10
2012/0/6;6:6:0;T=17C;P2.5;180.80;P10;199.30
2012/0/6;6:6:0;T=17C;P2.5;191.70;P10;211.30
2012/0/6;6:6:0;T=17C;P2.5;200.00;P10;220.40
2012/0/6;6:6:0;T=17C;P2.5;219.90;P10;241.80
2012/0/6;6:6:0;T=17C;P2.5;210.60;P10;231.20
2012/0/6;6:6:0;T=17C;P2.5;213.00;P10;233.50
2012/0/6;6:6:0;T=17C;P2.5;185.80;P10;204.00
2012/0/6;6:6:0;T=17C;P2.5;160.70;P10;177.20
2012/0/6;6:6:0;T=17C;P2.5;158.00;P10;174.50
2012/0/6;6:6:0;T=17C;P2.5;170.90;P10;188.70
2012/0/6;6:6:0;T=17C;P2.5;169.20;P10;186.30
2012/0/6;6:6:0;T=17C;P2.5;162.00;P10;178.40
2012/0/6;6:6:0;T=17C;P2.5;170.30;P10;187.50
2012/0/6;6:6:0;T=17C;P2.5;206.90;P10;227.30
2012/0/6;6:6:0;T=17C;P2.5;227.30;P10;249.30
2012/0/6;6:6:0;T=17C;P2.5;218.20;P10;238.90
2012/0/6;6:6:0;T=17C;P2.5;232.00;P10;254.10
2012/0/6;6:6:0;T=17C;P2.5;196.00;P10;215.00
2012/0/6;6:6:0;T=17C;P2.5;194.60;P10;213.60
2012/0/6;6:6:0;T=17C;P2.5;161.10;P10;177.20
2012/0/6;6:6:0;T=17C;P2.5;184.50;P10;202.60
2012/0/6;6:6:0;T=17C;P2.5;165.90;P10;182.20
2012/0/6;6:6:0;T=17C;P2.5;160.80;P10;176.70
2012/0/6;6:6:0;T=17C;P2.5;168.80;P10;185.60
2012/0/6;6:6:0;T=17C;P2.5;182.60;P10;200.90
2012/0/6;6:6:0;T=17C;P2.5;187.30;P10;206.10
2012/0/6;6:6:0;T=17C;P2.5;190.20;P10;209.10
2012/0/6;6:6:0;T=17C;P2.5;188.20;P10;206.50
2012/0/6;6:6:0;T=17C;P2.5;189.50;P10;208.00
2012/0/6;6:6:0;T=17C;P2.5;157.30;P10;173.30
2012/0/6;6:6:0;T=17C;P2.5;201.50;P10;221.70
2012/0/6;6:6:0;T=17C;P2.5;205.70;P10;226.10
2012/0/6;6:6:0;T=17C;P2.5;235.60;P10;258.10
2012/0/6;6:6:0;T=17C;P2.5;214.60;P10;235.10
2012/0/6;6:6:0;T=17C;P2.5;220.40;P10;241.80
2013/0/6;6:6:0;T=17C;P2.5;208.30;P10;229.20
2013/0/6;6:6:0;T=17C;P2.5;188.10;P10;207.40
2013/0/6;6:6:0;T=17C;P2.5;189.20;P10;208.60
2013/0/6;6:6:0;T=17C;P2.5;171.50;P10;189.20
2013/0/6;6:6:0;T=17C;P2.5;173.80;P10;191.80
2013/0/6;6:6:0;T=17C;P2.5;177.00;P10;195.10
2013/0/6;6:6:0;T=17C;P2.5;219.80;P10;241.60
2013/0/6;6:6:0;T=17C;P2.5;233.20;P10;256.00
2013/0/6;6:6:0;T=17C;P2.5;227.00;P10;249.50
2013/0/6;6:6:0;T=17C;P2.5;203.00;P10;223.40
2013/0/6;6:6:0;T=17C;P2.5;197.60;P10;217.90
2013/0/6;6:6:0;T=17C;P2.5;190.60;P10;210.50
2013/0/6;6:6:0;T=17C;P2.5;182.20;P10;201.40
2013/0/6;6:6:0;T=17C;P2.5;169.60;P10;187.10
2013/0/6;6:6:0;T=17C;P2.5;160.00;P10;176.30
2013/0/6;6:6:0;T=17C;P2.5;182.10;P10;200.20
2013/0/6;6:6:0;T=17C;P2.5;220.30;P10;242.10
2013/0/6;6:6:0;T=17C;P2.5;247.70;P10;272.20
2013/0/6;6:6:0;T=17C;P2.5;238.20;P10;261.90
2013/0/6;6:6:0;T=17C;P2.5;197.00;P10;216.90
2013/0/6;6:6:0;T=17C;P2.5;173.50;P10;191.10
2013/0/6;6:6:0;T=17C;P2.5;151.40;P10;167.10
2013/0/6;6:6:0;T=17C;P2.5;173.40;P10;191.50
2013/0/6;6:6:0;T=17C;P2.5;191.20;P10;210.90
2013/0/6;6:6:0;T=17C;P2.5;203.00;P10;223.40
2013/0/6;6:6:0;T=17C;P2.5;205.70;P10;225.80
2013/0/6;6:6:0;T=17C;P2.5;225.40;P10;247.10
2013/0/6;6:6:0;T=17C;P2.5;252.60;P10;277.00
2013/0/6;6:6:0;T=17C;P2.5;247.90;P10;272.70
2013/0/6;6:6:0;T=17C;P2.5;217.00;P10;239.10
2013/0/6;6:6:0;T=17C;P2.5;188.70;P10;208.30
2013/0/6;6:6:0;T=17C;P2.5;178.40;P10;196.70
2013/0/6;6:6:0;T=17C;P2.5;192.90;P10;212.90
2013/0/6;6:6:0;T=17C;P2.5;228.20;P10;251.20
2013/0/6;6:6:0;T=17C;P2.5;247.30;P10;271.90
2013/0/6;6:6:0;T=17C;P2.5;236.10;P10;259.30
2013/0/6;6:6:0;T=17C;P2.5;224.10;P10;246.30
2013/0/6;6:6:0;T=17C;P2.5;239.60;P10;263.00
2013/0/6;6:6:0;T=17C;P2.5;269.40;P10;295.30
2013/0/6;6:6:0;T=17C;P2.5;263.80;P10;289.30
2013/0/6;6:6:0;T=17C;P2.5;221.50;P10;243.60
2013/0/6;6:6:0;T=17C;P2.5;181.90;P10;201.00
2013/0/6;6:6:0;T=17C;P2.5;166.00;P10;183.80
2013/0/6;6:6:0;T=17C;P2.5;185.90;P10;205.40
2013/0/6;6:6:0;T=17C;P2.5;239.10;P10;262.80
2013/0/6;6:6:0;T=17C;P2.5;277.50;P10;304.30
2013/0/6;6:6:0;T=17C;P2.5;304.00;P10;332.80
2013/0/6;6:6:0;T=17C;P2.5;306.20;P10;334.90
2013/0/6;6:6:0;T=17C;P2.5;307.60;P10;336.40
2013/0/6;6:6:0;T=17C;P2.5;291.00;P10;319.10
2013/0/6;6:6:0;T=17C;P2.5;248.20;P10;273.40
2013/0/6;6:6:0;T=17C;P2.5;201.10;P10;222.40
2013/0/6;6:6:0;T=17C;P2.5;185.30;P10;205.00
2013/0/6;6:6:0;T=17C;P2.5;184.80;P10;204.10
2013/0/6;6:6:0;T=17C;P2.5;220.50;P10;243.10
2036/0/6;6:6:0;T=17C;P2.5;577.50;P10;613.20
2013/0/6;6:6:0;T=17C;P2.5;812.30;P10;857.00
2013/0/6;6:6:0;T=17C;P2.5;680.30;P10;721.80
2013/0/6;6:6:0;T=17C;P2.5;529.70;P10;564.40
2013/0/6;6:6:0;T=17C;P2.5;356.20;P10;384.80
2013/0/6;6:6:0;T=17C;P2.5;340.50;P10;368.20
2013/0/6;6:6:0;T=17C;P2.5;366.40;P10;395.90
2013/0/6;6:6:0;T=17C;P2.5;314.50;P10;340.60
2013/0/6;6:6:0;T=17C;P2.5;230.70;P10;251.50
2013/0/6;6:6:0;T=17C;P2.5;174.10;P10;191.50
2013/0/6;6:6:0;T=17C;P2.5;170.40;P10;187.10
2013/0/6;6:6:0;T=17C;P2.5;178.10;P10;195.50
2013/0/6;6:6:0;T=17C;P2.5;195.30;P10;214.00
2013/0/6;6:6:0;T=17C;P2.5;205.90;P10;225.40
2013/0/6;6:6:0;T=17C;P2.5;218.10;P10;238.90
2013/0/6;6:6:0;T=17C;P2.5;192.20;P10;211.10
2013/0/6;6:6:0;T=17C;P2.5;177.60;P10;195.60
2013/0/6;6:6:0;T=17C;P2.5;142.90;P10;157.70
2013/0/6;6:6:0;T=17C;P2.5;132.90;P10;146.50
2013/0/6;6:6:0;T=17C;P2.5;125.30;P10;138.00
2013/0/6;6:6:0;T=17C;P2.5;127.90;P10;141.00
2013/0/6;6:6:0;T=17C;P2.5;143.90;P10;158.40
2013/0/6;6:6:0;T=17C;P2.5;172.10;P10;189.00
2013/0/6;6:6:0;T=17C;P2.5;209.70;P10;229.40
2013/0/6;6:6:0;T=17C;P2.5;210.90;P10;230.60
2013/0/6;6:6:0;T=17C;P2.5;202.60;P10;221.60
2013/0/6;6:6:0;T=17C;P2.5;156.40;P10;171.60
2013/0/6;6:6:0;T=17C;P2.5;149.00;P10;163.90
2013/0/6;6:6:0;T=17C;P2.5;131.80;P10;145.50
2013/0/6;6:6:0;T=17C;P2.5;153.90;P10;169.70
2013/0/6;6:6:0;T=17C;P2.5;148.60;P10;163.80
2013/0/6;6:6:0;T=17C;P2.5;156.40;P10;172.20
2013/0/6;6:6:0;T=17C;P2.5;151.30;P10;166.80
2013/0/6;6:6:0;T=17C;P2.5;147.60;P10;162.60
2013/0/6;6:6:0;T=17C;P2.5;169.70;P10;186.50
2013/0/6;6:6:0;T=17C;P2.5;159.80;P10;175.50
2014/0/6;6:6:0;T=17C;P2.5;169.00;P10;185.80
2014/0/6;6:6:0;T=17C;P2.5;149.70;P10;164.80
2014/0/6;6:6:0;T=17C;P2.5;143.40;P10;157.80
2014/0/6;6:6:0;T=17C;P2.5;132.70;P10;146.10
2014/0/6;6:6:0;T=17C;P2.5;135.60;P10;149.20
2014/0/6;6:6:0;T=17C;P2.5;147.80;P10;162.60
2014/0/6;6:6:0;T=17C;P2.5;169.70;P10;186.40
2014/0/6;6:6:0;T=17C;P2.5;162.10;P10;178.00
2014/0/6;6:6:0;T=17C;P2.5;166.50;P10;182.90
2014/0/6;6:6:0;T=17C;P2.5;164.00;P10;180.10
2014/0/6;6:6:0;T=17C;P2.5;158.90;P10;174.80
2014/0/6;6:6:0;T=17C;P2.5;157.60;P10;173.50
2014/0/6;6:6:0;T=17C;P2.5;139.70;P10;153.90
2014/0/6;6:6:0;T=17C;P2.5;147.50;P10;162.00
2014/0/6;6:6:0;T=17C;P2.5;138.50;P10;152.20
2014/0/6;6:6:0;T=17C;P2.5;149.80;P10;164.40
2014/0/6;6:6:0;T=17C;P2.5;143.30;P10;157.40
2014/0/6;6:6:0;T=17C;P2.5;164.30;P10;180.00
2014/0/6;6:6:0;T=17C;P2.5;147.90;P10;162.00
2014/0/6;6:6:0;T=17C;P2.5;161.00;P10;176.30
2014/0/6;6:6:0;T=17C;P2.5;133.40;P10;146.30
2014/0/6;6:6:0;T=17C;P2.5;119.60;P10;131.20
2014/0/6;6:6:0;T=17C;P2.5;92.80;P10;102.20
2014/0/5;5:6:0;T=17C;P2.5;86.50;P10;95.50
2014/0/5;5:6:0;T=17C;P2.5;80.30;P10;89.00
2014/0/6;6:6:0;T=17C;P2.5;101.20;P10;112.00
2014/0/6;6:6:0;T=17C;P2.5;114.10;P10;126.10
2014/0/6;6:6:0;T=17C;P2.5;133.40;P10;147.10
2014/0/6;6:6:0;T=17C;P2.5;142.40;P10;156.70
2014/0/6;6:6:0;T=17C;P2.5;143.20;P10;157.50
2014/0/6;6:6:0;T=17C;P2.5;144.40;P10;159.00
2014/0/6;6:6:0;T=17C;P2.5;138.60;P10;152.70
2014/0/6;6:6:0;T=17C;P2.5;156.10;P10;171.70
2014/0/6;6:6:0;T=17C;P2.5;180.80;P10;198.50
2014/0/6;6:6:0;T=17C;P2.5;183.80;P10;202.00
